{"s":[0.3,0.6,0.5,0.8,0.1,1,0.7,0.2,0.9,0.4],"r":[0.51676641145261548,0.75712022377651955,0.64819892271199708,0.85426360687058545,0.24517949970603561,0.96176869973809853,0.72249406950779715,0.345081120464587,0.957317202782175,0.58238276365594055],"or":[0.44,0.67999999999999994,0.60000000000000009,0.84000000000000008,0.28,1,0.76,0.36000000000000004,0.92000000000000015,0.52],"d":[0.64759721974789008,1.216854959000218,1.7942974854044598,2.4372984211730087,2.9518985262796122,-2.5236322682075758,-1.8432658179699237,-1.0857478926890149,-0.56053479666394479,0.079465564405590453],"x":[0.41213962503449575,0.26241601301001405,-0.14367008283989202,-0.65100757625930594,-0.24078145904195294,-0.78390097642103107,-0.19443084482113038,0.16089448904753745,0.81081982551967147,0.58054492276291669],"y":[0.31175062707561485,0.71018931938415919,0.63207653864209523,0.55313239434743477,0.046230683076613266,-0.55722373510293577,-0.695840733972997,-0.30527683026267594,-0.50894738164857234,0.0462306830766131]}