{"s":[0.2,0.1,0.6,1,0.8,0.7,0.9,0.3,0.4,0.5],"r":[0.55675963656386251,0.42057414704261703,0.65107827259113793,0.81037920801249808,0.5817463637385093,0.54122444195852526,0.81271904465991229,0.51590469566149244,0.68341771006262664,0.80302349157330155],"or":[0.36000000000000004,0.28,0.67999999999999994,1,0.84000000000000008,0.76,0.92000000000000015,0.44,0.52,0.60000000000000009],"d":[0.43096986218998312,0.74499108078311038,1.533702770483975,2.3188678239759652,3.0912270232100867,-2.3101827668360917,-1.6287932564801264,-0.80745790136609474,-0.39719358772697683,0.036479796109465848],"x":[0.50585010051165846,0.30916151073553771,0.024145270636782123,-0.55124135504768579,-0.58100866265453566,-0.36469580406662522,-0.04710878938790708,0.35666421741866361,0.63021380116569892,0.80248922882192653],"y":[0.23258755065366091,0.2851346584341245,0.65063040425892849,0.59400962051481521,0.029287636356761782,-0.39990107160335886,-0.81135257904028768,-0.37275768405052279,-0.26436779540542621,0.029287636356761543]}