{"s":[0.9,0.1,0.5,0.8,0.7,1,0.3,0.4,0.2,0.6],"r":[1.0069082141262873,0.32331889887183829,0.548086992627441,0.72025559063011635,0.62679013328687661,0.90537565606013637,0.43553984270793766,0.58566792363833842,0.47533226494069925,0.80144994414888238],"or":[0.92000000000000015,0.28,0.60000000000000009,0.84000000000000008,0.76,1,0.44,0.52,0.36000000000000004,0.67999999999999994],"d":[0.5374934372741732,0.85238423032111021,1.6746066629830789,2.43266251743802,-3.1087235802096522,-2.4122304961575778,-1.5886526619848369,-1.0599688365701372,-0.50599781700146229,-0.025704125355537306],"x":[0.86492881901694452,0.21280528098783891,-0.056794957276785268,-0.54671635528676776,-0.62645157926521478,-0.67504773476892344,-0.0077767321377627818,0.28633261869637266,0.41576899082939955,0.80118519891118045],"y":[0.51552137657806485,0.24341122149848585,0.54513639056232588,0.46890227414237451,-0.020598301432374004,-0.6033370818785031,-0.43547040889515393,-0.510901701161114,-0.23038426239298071,-0.020598301432374264]}