{"s":[0.1,0.9,1,0.5,0.7,0.2,0.4,0.3,0.6,0.8],"r":[0.2306747459743852,0.75676611630390767,0.83237922166289047,0.51069988154916945,0.77037146624326147,0.47601633436476504,0.68089502868559992,0.60391503985303463,0.79294393254322293,0.85825285692370812],"or":[0.28,0.92000000000000015,1,0.60000000000000009,0.76,0.36000000000000004,0.52,0.44,0.67999999999999994,0.84000000000000008],"d":[-0.030971288599306219,1.1803094074224334,1.942570194101896,2.7813239125515743,-2.9178586883514739,-2.2118913796049195,-1.8001034277805752,-1.3360871988226102,-0.79973575978948819,-0.20049385613222059],"x":[0.23056412081996613,0.28805449052220905,-0.30237730707696714,-0.47791403150031564,-0.75117056309944408,-0.28469271723114792,-0.15476935767717326,0.14044654112241484,0.55259964460191224,0.84106063115749874],"y":[-0.0071431520257652925,0.69979966081421474,0.77551475345153875,0.18003485081908738,-0.17092390451501124,-0.38149915771547049,-0.66307200665761723,-0.58735691402029333,-0.56867716056032314,-0.17092390451501152]}