{"s":[0.3,0.4,0.2,1,0.6,0.5,0.7,0.1,0.9,0.8],"r":[0.47093004637775671,0.55445193510841206,0.38525879144937175,1.0134881446727768,0.67232496244891427,0.5778511829004076,0.73592149560378306,0.26139683423032128,0.92296443686454532,0.86094316158014461],"or":[0.44,0.52,0.36000000000000004,1,0.67999999999999994,0.60000000000000009,0.76,0.28,0.92000000000000015,0.84000000000000008],"d":[0.65814253119986454,1.2483279099771789,1.8291272893355937,2.4834951406066628,3.1009330726992435,-2.5375785094718868,-1.8786954105838032,-1.1743044669234342,-0.59561785170620352,0.031748334302087108],"x":[0.37256675264793893,0.17571064671782252,-0.098421005336159079,-0.80182849139303447,-0.67176929468348812,-0.475607590270542,-0.22302630172433266,0.1009474688849184,0.76403183399493,0.8605093012973376],"y":[0.28804361371626619,0.52587328984791315,0.37247502211242334,0.619862315181878,0.027328919707571314,-0.32819111757701275,-0.70131285203600524,-0.24111804882953597,-0.51780180412879118,0.027328919707571023]}