{"s":[0.1,0.7,0.9,0.2,1,0.5,0.4,0.3,0.6,0.8],"r":[0.29139299650376949,0.73678865406214411,0.87525834186232576,0.30568586049821517,0.98448023487015823,0.61772887656864606,0.57354078125926744,0.51295603216474417,0.75662682098216494,0.8961676416408918],"or":[0.28,0.76,0.92000000000000015,0.36000000000000004,1,0.60000000000000009,0.52,0.44,0.67999999999999994,0.84000000000000008],"d":[0.39875994167599493,1.1853259573547521,1.8636624149470427,2.586432774663602,-3.0859118171634266,-2.4057288861497446,-1.7932964213934048,-1.22029920139053,-0.657853395056756,-0.06117443546351168],"x":[0.26853123071354723,0.27702887418435168,-0.25268485864480678,-0.25977679094524053,-0.982954509744505,-0.45789229906728596,-0.1265625413045311,0.17613102031213085,0.5987237442502894,0.894491295262987],"y":[0.11314087034716275,0.68272433941002608,0.8379901713094503,0.1611206510498486,-0.054788362112237546,-0.41463671738238128,-0.55940231578536548,-0.48176939983565359,-0.46261649808506733,-0.054788362112237879]}