{"s":[1,0.1,0.3,0.4,0.9,0.8,0.6,0.7,0.5,0.2],"r":[1.1644169260474477,0.43748684045562597,0.54189128702479328,0.52750069986181825,0.81620919737972319,0.67707866288807406,0.53279949439827456,0.69366363110205531,0.641279739776868,0.48895385319158075],"or":[1,0.28,0.44,0.52,0.92000000000000015,0.84000000000000008,0.67999999999999994,0.76,0.60000000000000009,0.36000000000000004],"d":[0.65655926298371,1.096648912996433,1.6128329466950375,2.1932055709631291,2.9904500422355116,-2.561854227288205,-1.7537715324830685,-1.0450940638123858,-0.366530449985473,0.25406693087645188],"x":[0.922331299374972,0.19974777764088927,-0.022772569861292821,-0.30752990351767917,-0.806904153641101,-0.56644805149507949,-0.096946019028686978,0.34809467597567723,0.59868361440322171,0.47325757239256466],"y":[0.7107543540908231,0.38922430666567087,0.541412575597667,0.42858178542387337,0.12289483603467784,-0.37090715913248429,-0.52390530692630555,-0.59999944139230377,-0.22982087479900964,0.12289483603467764]}