{"s":[0.8,0.4,1,0.2,0.6,0.5,0.9,0.1,0.7,0.3],"r":[0.8687790856384684,0.512444712918041,0.99980350810104535,0.33817370236362121,0.69027729919723957,0.632927872096493,0.98820965015504558,0.33304823321937888,0.82877715877748881,0.47838734242834513],"or":[0.84000000000000008,0.52,1,0.36000000000000004,0.67999999999999994,0.60000000000000009,0.92000000000000015,0.28,0.76,0.44],"d":[0.580698024510871,1.199158288398352,1.8786779257509933,2.57032624408132,-3.0872732111337711,-2.4478866570823339,-1.8551614760347146,-1.2377906524000102,-0.65158751469944509,-0.0784207246872831],"x":[0.72636874149198527,0.18609026667503439,-0.30298098402093243,-0.28447743527837954,-0.68925918284150256,-0.48664667063245254,-0.2772403918790397,0.10886849024935534,0.65897899637396073,0.47691710049017444],"y":[0.47661887397181685,0.47746203665471448,0.95279041668819509,0.182849779293699,-0.0374770417148894,-0.40468841006253681,-0.94852310344572743,-0.31475193006775321,-0.50261144162190963,-0.037477041714889595]}