{"s":[0.9,0.3,0.5,0.6,0.4,0.7,0.1,0.8,1,0.2],"r":[0.91990932546165971,0.48609153223038759,0.68866354087312553,0.78523968153035018,0.60630583969523855,0.80994074111977421,0.27227031229764515,0.79058425729400683,0.93634683100494576,0.302338193794594],"or":[0.92000000000000015,0.44,0.60000000000000009,0.67999999999999994,0.52,0.76,0.28,0.84000000000000008,1,0.36000000000000004],"d":[0.72005490325150523,1.4300845318354045,1.9597567679052694,2.5124878415699152,3.0549540097857859,-2.6175084422248904,-2.1981614841987707,-1.3217803218762847,-0.62765913909106252,0.17440982554780515],"x":[0.69155979723901817,0.06817332145901725,-0.26115961057542136,-0.6349091407314732,-0.60403171974039527,-0.701232587629998,-0.1598264007186711,0.194839833779955,0.75788324413754249,0.29775145781501838],"y":[0.606612078608771,0.48128720733812513,0.63722298321074811,0.4620516642817209,0.05246382368841241,-0.40531082168057941,-0.22042378408867763,-0.76619899964285776,-0.54987123600762988,0.052463823688412257]}