{"s":[0.3,1,0.4,0.5,0.2,0.9,0.1,0.7,0.8,0.6],"r":[0.37206296456225707,0.995918336907463,0.56928381641054093,0.69762777707136292,0.47009813640378484,1.0294758332938516,0.33581587921552036,0.75893134389894645,0.78554801992770729,0.59730623291793172],"or":[0.44,1,0.52,0.60000000000000009,0.36000000000000004,0.92000000000000015,0.28,0.76,0.84000000000000008,0.67999999999999994],"d":[0.77913276308798773,1.3516129220209954,2.0560326262439927,2.6027951405628533,-3.1330877514124134,-2.5676002413024954,-2.1700453455572277,-1.3846886787695163,-0.70779766708142466,-0.0066935854662231254],"x":[0.26473142387992965,0.21654515043995518,-0.26552387445744352,-0.5987922707181661,-0.47008113461715428,-0.86449186905604181,-0.18940771263153858,0.14042898861404993,0.5968559218022742,0.59729285208786],"y":[0.26143473910205656,0.97209131855472519,0.50356840222561439,0.3579557680352613,-0.0039980904642559177,-0.55899400683018219,-0.27730312498957072,-0.74582604131868169,-0.51073349236358012,-0.0039980904642561337]}