{"s":[1,0.9,0.5,0.4,0.1,0.8,0.3,0.6,0.7,0.2],"r":[0.84816487790397921,0.79221688034032556,0.55721749827067213,0.57356111924668818,0.40819149254772896,0.99390587581887813,0.57822570628144343,0.75539924306830264,0.74301281042467782,0.26574388055842058],"or":[1,0.92000000000000015,0.60000000000000009,0.52,0.28,0.84000000000000008,0.44,0.67999999999999994,0.76,0.36000000000000004],"d":[0.61070375328452964,1.3550278040816355,2.1405140522943942,2.7780370699537551,-2.8890495568230423,-2.4982424926882,-2.01995127537858,-1.4442013949469532,-0.83171971786426013,-0.3939126830266137],"x":[0.69485454494363863,0.16961220315635459,-0.300559987038988,-0.53607222955274836,-0.39524370617805338,-0.79521470839409314,-0.25106817754474153,0.095374488914984484,0.50049768581263,0.24539173323335242],"y":[0.48637518592239137,0.7738470688944975,0.46920681428358424,0.20395813838594209,-0.10199366311187813,-0.59622349630066451,-0.52087401320188387,-0.74935420416006882,-0.54915398837792317,-0.10199366311187824]}