{"s":[0.9,0.2,0.5,0.4,0.6,0.1,1,0.7,0.3,0.8],"r":[0.89350566368753948,0.41079835490909195,0.70273170351098058,0.64446711345542262,0.78985733261648861,0.34435134449029436,0.98657469471689374,0.67961865032024948,0.32560610293755493,0.75137698567640865],"or":[0.92000000000000015,0.36000000000000004,0.60000000000000009,0.52,0.67999999999999994,0.28,1,0.76,0.44,0.84000000000000008],"d":[0.75307966822351646,1.54094166109302,1.9922461347080478,2.5234148968648036,3.0596157161934965,-2.8420500985605774,-2.0020155793196626,-1.3675912293081678,-0.64839101137263677,0.08618540056994882],"x":[0.65188938502061267,0.012262425781731409,-0.28747617506384548,-0.52519938211047479,-0.78720481173904189,-0.32901792092196036,-0.4123672587495027,0.13715350946738825,0.25952646264358337,0.74858812730448254],"y":[0.61105859026705267,0.41061529600096952,0.64124043532056363,0.37350163233423778,0.064677587021578359,-0.10161228353139218,-0.89626049347673065,-0.66563535415713648,-0.1966350667045183,0.064677587021578067]}