{"s":[0.2,0.9,1,0.8,0.1,0.7,0.6,0.3,0.4,0.5],"r":[0.36024080422814109,0.77220937490490782,0.79682160031026661,0.67336213871404926,0.26721950755753809,0.81200998662041735,0.82062466682800583,0.62009767112960967,0.6787742740480941,0.68458043826946835],"or":[0.36000000000000004,0.92000000000000015,1,0.84000000000000008,0.28,0.76,0.67999999999999994,0.44,0.52,0.60000000000000009],"d":[0.096962384925964193,1.0979064861282453,1.8661788864691602,2.6591091626040018,-2.4359954148227057,-2.2865423613079887,-1.7356622808956883,-1.2325081894441505,-0.77298255636389723,-0.25591569869788588],"x":[0.35854869185855059,0.351711162228681,-0.23195943942049879,-0.59649472898623257,-0.20341400530810577,-0.53282516759658027,-0.1346810058123023,0.20579351181638586,0.48588781463785491,0.66228496041916141],"y":[0.034875099963441153,0.68746387327246439,0.762311931682,0.31242696449762386,-0.1732887984371958,-0.61274591728298489,-0.80949729491824873,-0.58495311968964192,-0.47396998501589382,-0.17328879843719597]}