{"s":[0.3,0.1,0.2,0.5,1,0.8,0.9,0.6,0.4,0.7],"r":[0.64530932524851692,0.48431293014556354,0.49787615070178576,0.59344837986816168,0.82040175228698575,0.58215926290330788,0.67886961815321534,0.57282546407823831,0.5692491242184714,0.89598337810653406],"or":[0.44,0.28,0.36000000000000004,0.60000000000000009,1,0.84000000000000008,0.92000000000000015,0.67999999999999994,0.52,0.76],"d":[0.69969755374683285,1.0617432605562893,1.4764335723907387,2.1221730369436904,2.935033424967564,-2.5924114330773715,-1.74635141415776,-0.90410399792368679,-0.21962369090594067,0.18891429121791353],"x":[0.49368550608226291,0.23603019559128774,0.046911273635948852,-0.310884113009313,-0.80296196913753881,-0.496554025107369,-0.11856778307497284,0.35422952181337442,0.5555754767816149,0.880042670879585],"y":[0.41557038674212121,0.42290514429990084,0.49566116838368568,0.50550177828229115,0.1682590600066543,-0.30388074557923728,-0.66843521695687058,-0.45016714470551628,-0.12401796249889785,0.16825906000665403]}