{"s":[0.8,0.3,0.1,1,0.7,0.9,0.4,0.6,0.5,0.2],"r":[0.99242288871335516,0.54566545066430272,0.31722488685678957,0.91193910708756887,0.60966516089878853,0.77407996070862506,0.45205013437736158,0.70539628396683629,0.71055957143437187,0.51564321272228786],"or":[0.84000000000000008,0.44,0.28,1,0.76,0.92000000000000015,0.52,0.67999999999999994,0.60000000000000009,0.36000000000000004],"d":[0.57295286080730834,1.011783097917849,1.3595408507647291,2.375582674147048,3.0703162423654766,-2.4422681948384257,-1.5879936998518243,-1.02911650473922,-0.45123781509427646,0.084301369948226262],"x":[0.83393677294696433,0.28939361313716172,0.066518134576527388,-0.65721859338689148,-0.60811716729768073,-0.59238575137237626,-0.0077736916103507969,0.36368543932403974,0.63943824690341788,0.51381203136455678],"y":[0.538008037829328,0.46260363241558677,0.31017247881422672,0.63221567169932469,0.043417960011846585,-0.49827593474063325,-0.4519832891925738,-0.604414442793934,-0.30986066700064047,0.043417960011846404]}