{"s":[0.1,0.5,0.6,0.7,1,0.2,0.8,0.9,0.3,0.4],"r":[0.41671617470921934,0.69210171725687164,0.69425833334162967,0.684056171938496,0.85801912110795131,0.22238097203236645,0.75180178468586467,0.91662418438672133,0.528563959731453,0.65093853437094829],"or":[0.28,0.60000000000000009,0.67999999999999994,0.76,1,0.36000000000000004,0.84000000000000008,0.92000000000000015,0.44,0.52],"d":[0.53569064400171129,1.0940233486103177,1.6778543519974638,2.3385195603949414,3.0836550295278142,-2.3390685137270157,-1.735356434475918,-1.1002593061253425,-0.40136088737628206,0.076400684725556514],"x":[0.35834103338873224,0.31761546101957783,-0.074184027371644562,-0.47507627323498774,-0.85657943821352278,-0.15453115530278783,-0.12315896342054755,0.4155653331173832,0.48655908056161223,0.649039673142044],"y":[0.2127065444554542,0.61491886127458451,0.69028353848054391,0.49217413684213884,0.049683782229888319,-0.1599169120601252,-0.74164532843268649,-0.81701000563864612,-0.20649484412457272,0.049683782229888077]}