{"s":[0.4,0.6,0.3,0.9,0.2,0.7,0.8,1,0.5,0.1],"r":[0.65512359326009784,0.84193028071040621,0.58331832928366745,0.98474068768696366,0.35193402209553365,0.63318871518568343,0.6680223728831145,0.85929836355154765,0.55975399565831929,0.36031145246573626],"or":[0.52,0.67999999999999994,0.44,0.92000000000000015,0.36000000000000004,0.76,0.84000000000000008,1,0.60000000000000009,0.28],"d":[0.78739932843725879,1.2653815568433933,1.7268079732247019,2.3541814050678327,2.6678634794040281,-2.6779152576810112,-1.8959766462177534,-1.1495238029453865,-0.34587536124924512,0.461845335861261],"x":[0.46231438399780056,0.25315898593930969,-0.0906357327792836,-0.69491366297675417,-0.3131766547365894,-0.56633276886847028,-0.21341956089306707,0.35138604843033616,0.52660483105194256,0.32256224816557488],"y":[0.46416843149309095,0.8029676988617187,0.57623383901143066,0.6977171511396465,0.160555095952569,-0.28318747137588623,-0.63301341352343976,-0.7841693200902986,-0.18976798351726437,0.16055509595256889]}