{"s":[0.2,0.3,1,0.6,0.5,0.4,0.8,0.7,0.1,0.9],"r":[0.43065144811799444,0.4730135255298657,0.9884565012335591,0.62381462842114555,0.52905145309917345,0.46931672091869375,0.83747999394619621,0.80577178774949254,0.35545719522210439,1.0151006887907865],"or":[0.36000000000000004,0.44,1,0.67999999999999994,0.60000000000000009,0.52,0.84000000000000008,0.76,0.28,0.92000000000000015],"d":[0.50756530040114467,1.0903425745030211,1.8091977200923963,2.4446896628605472,-3.1309317458254897,-2.4025120528627273,-1.7913270675392747,-1.1636583118559214,-0.50775775820049773,-0.0055561886495369027],"x":[0.37635942879439455,0.21861814992825679,-0.23342354408481741,-0.47836205733660586,-0.52902138872454441,-0.34686644408568285,-0.18319668919447607,0.31907185970893981,0.3106116221689329,1.0150850201265054],"y":[0.20931853745830234,0.41946144024944548,0.960499715719777,0.40039284800418418,-0.00564006190581475,-0.31613581654287282,-0.81719747511131191,-0.73990629290126453,-0.17283008363346153,-0.0056400619058150532]}