{"s":[0.3,0.7,0.8,0.2,0.9,1,0.6,0.1,0.4,0.5],"r":[0.5714342318577561,0.811732438619191,0.7907177696818668,0.24191395003596577,0.74345810260807954,0.85901732730447644,0.63891705986429592,0.36078080481818281,0.650058231490072,0.75224208233319656],"or":[0.44,0.76,0.84000000000000008,0.36000000000000004,0.92000000000000015,1,0.67999999999999994,0.28,0.52,0.60000000000000009],"d":[0.45970286036078972,1.0655007042114255,1.6894356850299017,2.1126246580850578,-3.14030711870696,-2.4014054200158048,-1.6411892151900138,-0.81679897349811492,-0.48266255333961533,-0.0012705236002635309],"x":[0.51211042852920474,0.39293218869621427,-0.093590335707053274,-0.12475582406087266,-0.74345748828875813,-0.63424882613293443,-0.044938083266726631,0.24697543137523395,0.57579705378821244,0.75224147518732765],"y":[0.25353498837536803,0.71029138175333451,0.78515949994437872,0.20726394665955855,-0.0009557410615843873,-0.57934376250920372,-0.63733474568545923,-0.2629941547302389,-0.30171751221434673,-0.00095574106158464284]}