{"s":[0.9,0.4,0.1,0.3,0.6,0.2,1,0.8,0.5,0.7],"r":[0.889092938581278,0.60824465232347558,0.43759217803087824,0.60535722572747819,0.80115945567139746,0.41939467898426425,0.91524317747265971,0.67226582596537365,0.41489232818761196,0.63119715583006752],"or":[0.92000000000000015,0.52,0.28,0.44,0.67999999999999994,0.36000000000000004,1,0.84000000000000008,0.60000000000000009,0.76],"d":[0.82433554339814252,1.5182245325273622,2.0719577398134787,2.4708627723196686,2.9876026359238779,-2.9388979169204488,-2.05768091725447,-1.3779498859940107,-0.56641639675663658,0.19593458093641863],"x":[0.60373401749568856,0.031961785348312538,-0.21023873366747978,-0.47421760699386761,-0.79167929417466165,-0.41080868790624681,-0.42821920078169295,0.12884199295462931,0.35009834114520466,0.61911992452284015],"y":[0.65268023530179609,0.60740431456934352,0.38377934954828186,0.376264577069751,0.12288355702370979,-0.084428186650324061,-0.8088871305640476,-0.65980382055000664,-0.22263601576634676,0.12288355702370952]}