{"s":[0.5,0.4,0.7,1,0.2,0.6,0.1,0.3,0.9,0.8],"r":[0.48889734439629723,0.41650084705640905,0.70207285049943957,1.0049619831413705,0.43534860786010504,0.7798412352365901,0.38021181347135036,0.50125538267282166,0.908947070961084,0.76551753332666261],"or":[0.60000000000000009,0.52,0.76,1,0.36000000000000004,0.67999999999999994,0.28,0.44,0.92000000000000015,0.84000000000000008],"d":[0.576584996568467,1.3572631836434084,2.0177821171620183,2.6215538645294729,-2.9503611903358471,-2.4808501676079775,-1.9952232899372122,-1.4432117495121952,-0.748088539660155,-0.10830300075073794],"x":[0.40985695500083974,0.088262408306389317,-0.30347058661178972,-0.87210591401238857,-0.427412602293598,-0.615713340209743,-0.15657071351747268,0.063779096124003037,0.66624952880348542,0.7610323357546589],"y":[0.26652934134010703,0.40704140192204341,0.63309706243980046,0.49937947725557613,-0.082745862533096584,-0.47859109358939389,-0.34647746647047972,-0.4971812401489844,-0.61830117513867577,-0.082745862533096834]}