{"s":[0.8,0.4,1,0.7,0.6,0.5,0.2,0.3,0.1,0.9],"r":[0.73764275399395451,0.34451746923888488,0.80626452364299439,0.64810225417024669,0.683971420001645,0.70565301026863858,0.52743624117102994,0.60844897837571577,0.41265583679947143,0.92668873160562282],"or":[0.84000000000000008,0.52,1,0.76,0.67999999999999994,0.60000000000000009,0.36000000000000004,0.44,0.28,0.92000000000000015],"d":[0.42165249681040873,1.072890227363291,1.9464011784387141,2.7358401467968472,-2.8723129175408095,-2.2970938513989689,-1.7653225945377997,-1.338098333971586,-0.98234284018699514,-0.19764122381884153],"x":[0.67303548063417051,0.16453703644149723,-0.295766273185121,-0.59548000329904349,-0.65932298010807711,-0.46862845490572236,-0.10195435334233451,0.14031054646114879,0.22905506125754552,0.90864838854441776],"y":[0.30189414424151528,0.30268771076774059,0.75005652702409642,0.25581262191597631,-0.18196184017664471,-0.52757325761818774,-0.51748845236891161,-0.59204992174497084,-0.34324716831603153,-0.18196184017664502]}