{"s":[1,0.9,0.8,0.1,0.5,0.3,0.7,0.6,0.2,0.4],"r":[0.81390954315992414,0.73327933257071387,0.72910482027959722,0.32269435491923376,0.70259853073918854,0.59951392589444541,0.91330706486522606,0.78406272281229084,0.39674853091686624,0.43278070110001515],"or":[1,0.92000000000000015,0.84000000000000008,0.28,0.60000000000000009,0.44,0.76,0.67999999999999994,0.36000000000000004,0.52],"d":[0.55743646680902192,1.3264242621508222,2.0786981600554006,3.0901573628666448,-2.9345936518403186,-2.4169753100170208,-1.9409704145214053,-1.436645052265954,-1.0879425751903657,-0.34018140060364016],"x":[0.69069506481640608,0.1774148032257831,-0.35459649123868553,-0.322267590679454,-0.68759952581860218,-0.44888792261643651,-0.3304141596721189,0.1048678085260826,0.18421373706847596,0.40797983743528388],"y":[0.43056831268110862,0.71149319545003964,0.63706763169710379,0.016590560400429277,-0.14440078770872378,-0.39738719188025007,-0.85144364336161538,-0.77701807960867941,-0.35138966384906367,-0.14440078770872397]}