{"s":[1,0.3,0.7,0.6,0.1,0.9,0.2,0.4,0.8,0.5],"r":[0.91336868734990484,0.37977096490683365,0.77152278623850168,0.75813243525214991,0.393910359846275,1.0586022776270734,0.45807367006588745,0.56298832429074142,0.81611721648087288,0.51575541978327144],"or":[1,0.44,0.76,0.67999999999999994,0.28,0.92000000000000015,0.36000000000000004,0.52,0.84000000000000008,0.60000000000000009],"d":[0.64877974553536,1.4741428486341861,2.0331466837890781,2.6487108956439496,-3.0099240730879187,-2.5309278725458308,-2.0648310797314915,-1.4603833408425002,-0.75407953436443043,-0.10044090813364773],"x":[0.7277919783862874,0.03664906046544994,-0.344139993235696,-0.66789418080062546,-0.39050075389340644,-0.86727791782732755,-0.21721030866864749,0.062034997378859591,0.59486948703515286,0.51315603887405969],"y":[0.55187063269199432,0.377998455226033,0.69051797568271589,0.35872294690194634,-0.0517158854019058,-0.607015482048294,-0.4033003459156741,-0.55956010614401552,-0.55872856060078224,-0.051715885401905991]}