{"s":[0.3,0.5,0.9,1,0.1,0.7,0.6,0.2,0.4,0.8],"r":[0.44160175835726634,0.51366455613648543,0.785745031129423,0.88033130005154048,0.24895156193079759,0.79323159792993225,0.78362116825676154,0.49676457870110746,0.646740023744439,0.91275084049422384],"or":[0.44,0.60000000000000009,0.92000000000000015,1,0.28,0.76,0.67999999999999994,0.36000000000000004,0.52,0.84000000000000008],"d":[0.31498408588355825,1.0645037306533103,1.8562012255699,2.5832296456904169,-2.6287284484291895,-2.3408238621054505,-1.7594562433767045,-1.211146135256312,-0.72360726493929661,-0.1342336903571768],"x":[0.41987553001277267,0.2490956078825482,-0.22122336587124691,-0.74662968362645321,-0.21692212363149055,-0.55221214801991569,-0.1469624752785425,0.17483471728984362,0.48468137521495186,0.90453989649761934],"y":[0.13680881653140148,0.44922450329931513,0.75395986387683411,0.46639823475040926,-0.12215429778353307,-0.56945422250932909,-0.769716939010761,-0.46498157843324206,-0.42820161470118323,-0.1221542977835333]}