{"s":[0.1,0.4,0.7,1,0.5,0.9,0.6,0.8,0.2,0.3],"r":[0.452942683011368,0.61213368350861064,0.72364672651333517,0.83584750029881549,0.38787688369299522,0.72954079867114141,0.60699057863168071,0.87731552279270864,0.51244832897048953,0.622911825534085],"or":[0.28,0.52,0.76,1,0.60000000000000009,0.92000000000000015,0.67999999999999994,0.84000000000000008,0.36000000000000004,0.44],"d":[0.41075226457990871,0.959464869480581,1.6160548265266546,2.3548953804668376,3.0872982991551732,-2.3788546431735766,-1.5851875521167555,-1.0357068454578402,-0.36814237308791781,0.033798022154628196],"x":[0.41526722935884031,0.35133919510239353,-0.032739985447333392,-0.59026511969155226,-0.38730531746530733,-0.52741934787590283,-0.0087350366629755927,0.44735899023982512,0.47811300117448985,0.62255608134827456],"y":[0.18085962046341048,0.50126681165884313,0.72290571871190379,0.5918007538279213,0.021049179710545242,-0.5040422684774406,-0.60692772360645963,-0.754686994975167,-0.18442138697171026,0.021049179710545065]}