{"s":[0.3,0.4,0.7,0.5,0.6,0.9,0.8,1,0.2,0.1],"r":[0.62968457147053225,0.69184085710465359,0.84552522006206376,0.58137302867064278,0.52723827748694019,0.680050472155186,0.63013249840060093,0.88772057104319646,0.431572311043994,0.44201646421646223],"or":[0.44,0.52,0.76,0.60000000000000009,0.67999999999999994,0.92000000000000015,0.84000000000000008,1,0.36000000000000004,0.28],"d":[0.678903749586037,1.1187183273336117,1.6634758776227985,2.1521447508239024,2.859762403753225,-2.5601100473076732,-1.733431029269159,-1.0458476925446718,-0.13224758172635281,0.33814236036601164],"x":[0.49005930067615056,0.30222080049550093,-0.078250762771996274,-0.31926178038837943,-0.50643768827151248,-0.56828365148515814,-0.10203023547621504,0.44489763672081223,0.42780383290195595,0.41698619340791249],"y":[0.39540427586058047,0.62233942451620428,0.84189649950965,0.48586676573821985,0.14663242869707255,-0.3735268880993533,-0.62181733377998671,-0.76818871710895043,-0.056908173527615985,0.14663242869707241]}