{"s":[0.9,0.2,0.8,0.5,1,0.1,0.4,0.6,0.3,0.7],"r":[0.88369987056648236,0.28816178593704644,0.790274346796997,0.58515435728384035,1.0426815677742909,0.35057912842760025,0.61279184599245629,0.76758196695018222,0.48958539929033607,0.76594206487837269],"or":[0.92000000000000015,0.36000000000000004,0.84000000000000008,0.60000000000000009,1,0.28,0.52,0.67999999999999994,0.44,0.76],"d":[0.56630869155713826,1.2246128472542421,1.9353823159067913,2.6395237728382606,-3.0653865852235773,-2.3564246096020529,-1.8698983974152257,-1.3085558953318766,-0.7793860086200679,-0.10382583855680087],"x":[0.7457429945782168,0.097776228518461086,-0.281782217713026,-0.51293976182655132,-1.0396554165503942,-0.247953918372916,-0.18056663205129619,0.1989918141801908,0.34826422939776353,0.761817419160566],"y":[0.47412324059966859,0.271066456816652,0.73833076936163866,0.28159975601123155,-0.079381777592087824,-0.24783982660697035,-0.58558478284915672,-0.7413395536974855,-0.34410156890118904,-0.079381777592088143]}