{"s":[0.4,0.2,0.9,0.8,0.5,0.3,1,0.1,0.6,0.7],"r":[0.54738358629816231,0.33518229274998773,0.85807832223634983,0.76791019623613355,0.55159616022439029,0.44111543654713009,1.055904237513426,0.36217102641202253,0.77422651207284576,0.83350390860746149],"or":[0.52,0.36000000000000004,0.92000000000000015,0.84000000000000008,0.60000000000000009,0.44,1,0.28,0.67999999999999994,0.76],"d":[0.4736788911814846,1.0277221063604141,1.8397727534939026,2.5306590202091837,-3.0319507501758971,-2.3209612447676511,-1.81286022526975,-1.1494181531919541,-0.64556158399599,-0.072476958822756232],"x":[0.48711454013510058,0.17321226857647273,-0.22802985811276205,-0.6290050805925268,-0.54828401583750586,-0.3007346039079305,-0.2531074910308394,0.14813463565839549,0.618422730808939,0.83131570640312491],"y":[0.24969624614240227,0.28695762646727191,0.82722475235030446,0.44049821574236359,-0.060356954457534556,-0.32270966265748119,-1.0251196792486637,-0.33049051739905089,-0.46581113985745226,-0.06035695445753482]}