{"s":[0.8,0.6,0.2,1,0.9,0.1,0.5,0.7,0.4,0.3],"r":[0.87210635737778641,0.65353198156881065,0.28530741665479975,0.91053396467331982,0.85466700550907537,0.27507833803325948,0.64557388791980086,0.84679438501180926,0.61795008802471141,0.51876860218813914],"or":[0.84000000000000008,0.67999999999999994,0.36000000000000004,1,0.92000000000000015,0.28,0.60000000000000009,0.76,0.52,0.44],"d":[0.521937145816414,1.1213321947294426,1.7086567286944412,2.52117214544575,-3.069367204894319,-2.1699331125133039,-1.7479723544037256,-1.1975100935286576,-0.63995621070455611,-0.11916926658791026],"x":[0.75598977625590635,0.28394850389501242,-0.039208124255422278,-0.74084144161454968,-0.8524387825768821,-0.15512487810002351,-0.11378273075167657,0.30880670606043031,0.4956713035827835,0.515089361520448],"y":[0.43479760438081516,0.58862322250234089,0.28260050422921557,0.52936382499202783,-0.0616750538280506,-0.22716593989767264,-0.63546765059016108,-0.78847900972672391,-0.36901527081449165,-0.061675053828050823]}