{"s":[0.5,0.6,1,0.8,0.4,0.2,0.1,0.9,0.7,0.3],"r":[0.52445424660576,0.54971221574097273,0.85838211706331635,0.75022697644836933,0.51673799248000374,0.42924364059216608,0.38680401546128595,1.0090771014361493,0.81650330528230775,0.44654600396523991],"or":[0.60000000000000009,0.67999999999999994,1,0.84000000000000008,0.52,0.36000000000000004,0.28,0.92000000000000015,0.76,0.44],"d":[0.44021561309868251,1.1849325575299487,1.9249804997385709,2.6401875538915731,-2.90862237941706,-2.2827650690386521,-1.7829622416527489,-1.2906821591633844,-0.74488126304056812,-0.27044314577713374],"x":[0.4744526759739856,0.20688943475053603,-0.29770862863178421,-0.65788007881940447,-0.50277828727228813,-0.28043582722160781,-0.081452315753647045,0.27897487237658164,0.60026742650658438,0.43031521811053247],"y":[0.22348806465657081,0.509293905248682,0.805102124784355,0.36060271502504826,-0.11929856126462249,-0.32497053681733851,-0.37813075335833624,-0.9697471924296821,-0.55349495409813421,-0.11929856126462265]}