{"s":[0.5,0.4,0.6,0.9,0.7,0.8,0.2,1,0.1,0.3],"r":[0.73398707441645916,0.56544045963148681,0.60833628135829509,0.76263014700532306,0.593129127043736,0.7453713435331939,0.39569379548772354,1.1165441043241866,0.4557767743316285,0.62087621887166744],"or":[0.60000000000000009,0.52,0.67999999999999994,0.92000000000000015,0.76,0.84000000000000008,0.36000000000000004,1,0.28,0.44],"d":[0.4369065298536029,0.93131766408350369,1.6311012497190884,2.4259982461918894,-3.0652837468506173,-2.3248210034038497,-1.4106509815879826,-1.1193775472893712,-0.48194707588195429,-0.072892450013460661],"x":[0.66503997150047067,0.33744197301996937,-0.036663440904081468,-0.57555956793564633,-0.59140305481277189,-0.51026485533374555,0.063098002808998618,0.48708413858958943,0.40386112109286704,0.61922749539615307],"y":[0.31057826987264564,0.4537133767398282,0.60723045322011948,0.50033581210932,-0.045217121821118617,-0.54333067019238868,-0.39063054390177426,-1.0046988498229397,-0.2112549712782088,-0.045217121821118825]}