{"s":[0.7,0.1,0.6,0.2,0.4,0.5,0.3,0.9,0.8,1],"r":[0.66331082901042038,0.39226049828812154,0.85253229288790333,0.59427805889460894,0.7352255738713811,0.732393269679973,0.46285794108335415,0.74714787167063712,0.57896740597132945,0.76288214743257954],"or":[0.76,0.28,0.67999999999999994,0.36000000000000004,0.52,0.60000000000000009,0.44,0.92000000000000015,0.84000000000000008,1],"d":[0.961616814316102,1.9240360220998898,2.0926896348793775,2.5835170947779456,2.9936958556710023,-2.8140928926168507,-2.4371308874068629,-1.4941988298787283,-0.70042224504522832,0.14249784000933541],"x":[0.379542978208774,-0.13569831593396203,-0.4250063555266872,-0.50411168280897334,-0.72719925553477238,-0.69346625302706211,-0.352679345628506,0.05717371046118791,0.44266116828147023,0.75514984185072143],"y":[0.54399299956424563,0.3680411194009876,0.73904053216222787,0.31470275267154768,0.10834153046811948,-0.2355938398709275,-0.29975782356924485,-0.74495711888273342,-0.3731679880065466,0.10834153046811919]}