{"s":[0.9,0.6,0.1,0.5,0.2,0.8,0.4,0.7,1,0.3],"r":[0.8881231911276174,0.743918901985423,0.41499549934396773,0.75945790840764271,0.498329471108532,0.91177701056616378,0.50431623028771344,0.65252439840420218,0.855544583496033,0.32824026652211935],"or":[0.92000000000000015,0.67999999999999994,0.28,0.60000000000000009,0.36000000000000004,0.84000000000000008,0.52,0.76,1,0.44],"d":[0.79201183290621591,1.4567345743824875,2.1147315275783845,2.5199501998504394,2.9675051272312021,-2.6726839646784497,-2.182526673832101,-1.4019999011190927,-0.63424480454561694,0.266093167558893],"x":[0.623830856025413,0.084668823159514378,-0.21476318291332239,-0.61738082857015231,-0.49079722016780614,-0.8133616208747152,-0.28962118443153168,0.10962149033225063,0.68915778679360029,0.31668805174121861],"y":[0.63213753700385722,0.739084922803855,0.35510285797313423,0.44228636329525639,0.086315412591629517,-0.41204391839344789,-0.41286127168830777,-0.64325051058674043,-0.50696950524774875,0.086315412591629365]}