{"s":[0.7,0.8,0.6,0.4,0.9,0.2,0.5,0.3,1,0.1],"r":[0.71862967789074006,0.76530351834630161,0.60757311429071847,0.49069938768238874,0.96027769289976106,0.44321182083752247,0.71558826170510326,0.54648415905789172,1.0829809190983968,0.29610620051855119],"or":[0.76,0.84000000000000008,0.67999999999999994,0.52,0.92000000000000015,0.36000000000000004,0.60000000000000009,0.44,1,0.28],"d":[0.52255704542619685,1.2276013088082491,1.950694096158714,2.6910946667786062,-3.0367132474610337,-2.3412635425358466,-1.8539019626740885,-1.3297366251855043,-0.7085512538083486,-0.34638801974681788],"x":[0.62272552831965322,0.25752272295259809,-0.22530362181584074,-0.44174249801099774,-0.95500115386584516,-0.3086839947196664,-0.19989170893329153,0.13046315853985088,0.82231328325665021,0.27851900902764309],"y":[0.35866632170355445,0.72067435250347811,0.56425470064996985,0.21365732967271422,-0.1005288197274397,-0.31804230777370024,-0.68710251417809531,-0.53068286232458728,-0.70473295318927454,-0.10052881972743988]}