{"s":[0.7,0.9,0.4,0.5,0.2,0.1,1,0.3,0.6,0.8],"r":[0.5864065174742642,0.81127444930000081,0.53205278825557323,0.70351894405295767,0.52377544233581219,0.45051103327655345,1.1159956521697934,0.48413632161501163,0.60364807486299554,0.67670603941068908],"or":[0.76,0.92000000000000015,0.52,0.60000000000000009,0.36000000000000004,0.28,1,0.44,0.67999999999999994,0.84000000000000008],"d":[0.69724482345521377,1.4211032368925769,2.219176384522076,2.7275126435028367,-3.0124011926897678,-2.6030413419394058,-2.0042590333053716,-1.6254405520604707,-0.87870428424854874,-0.099883211401128033],"x":[0.44954757238381815,0.12098914047096102,-0.32130455191101276,-0.64406235174489634,-0.51941049885938428,-0.38674236959696351,-0.46873578270500416,-0.026442090323030382,0.38521757684683489,0.67333321328015572],"y":[0.37653629825039492,0.802201882305893,0.42407965573909956,0.28305934308236835,-0.067479238797731919,-0.2310639103417787,-1.0127848052147155,-0.48341368802120477,-0.46475629826184561,-0.067479238797732169]}