{"s":[0.9,0.8,1,0.6,0.1,0.2,0.7,0.5,0.3,0.4],"r":[0.73835213367802166,0.60565905356857985,0.8007221973253944,0.61326702072282568,0.37848931971657324,0.52163217654280358,0.93578116270785938,0.75673836478183343,0.53140465361610334,0.48858433217542224],"or":[0.92000000000000015,0.84000000000000008,1,0.67999999999999994,0.28,0.36000000000000004,0.76,0.60000000000000009,0.44,0.52],"d":[0.45469820972702663,1.240570073066142,2.0250438685550893,2.8293636615182089,-2.5952524027645616,-2.2662487704808107,-1.8745569283915871,-1.4049261943858591,-0.99523482759508464,-0.41423305488970069],"x":[0.66333084083641414,0.19638922752891891,-0.35134591871956911,-0.58361631543439985,-0.32339327768194037,-0.33422688418023716,-0.27990220399150562,0.12494551280085511,0.28924669395516989,0.44726244706844936],"y":[0.32427776504432582,0.57293469128704577,0.71952212105585034,0.18838374416341186,-0.19664931499917768,-0.40049034632054864,-0.8929396064009989,-0.74635217663219455,-0.44578835328085342,-0.19664931499917782]}