{"s":[0.4,0.8,0.6,1,0.9,0.5,0.2,0.7,0.1,0.3],"r":[0.62040934785069568,0.77310558124868856,0.48427838612020041,0.73474343843096213,0.72165164135835358,0.56653816567919146,0.48810431975006335,0.95029003798489142,0.51431989488996643,0.63769572244280537],"or":[0.52,0.84000000000000008,0.67999999999999994,1,0.92000000000000015,0.60000000000000009,0.36000000000000004,0.76,0.28,0.44],"d":[0.24630948447129472,0.95829129833745763,1.5994088626897456,2.5221563804696774,-2.9364972395891664,-2.0927565319678392,-1.4006781846159733,-1.1125911102112886,-0.64100765644623248,-0.23256429221026975],"x":[0.60168469239175615,0.44447301201300937,-0.013854542125741942,-0.59823242232410212,-0.70652694649911474,-0.28246476055677117,0.082635469271889778,0.42035050916360117,0.41222409533135751,0.62052805663886668],"y":[0.15127223751225238,0.63256302559504363,0.48408016580487156,0.42657459980358681,-0.14697198830335956,-0.49109994116752748,-0.48105842283124683,-0.852265572306677,-0.30756503297330473,-0.14697198830335978]}