{"s":[0.3,0.5,0.4,0.6,0.2,0.7,0.9,0.8,0.1,1],"r":[0.55178600380621323,0.74633694678378315,0.65595087928911955,0.76685416076662272,0.37375758139774273,0.68525868614841912,0.80061080144989671,0.73259403602130135,0.25062431664361046,1.0444847686298511],"or":[0.44,0.60000000000000009,0.52,0.67999999999999994,0.36000000000000004,0.76,0.92000000000000015,0.84000000000000008,0.28,1],"d":[0.81014691528040261,1.2898888405671827,1.7939221527810016,2.3544315838398653,2.76735367444722,-2.6594005518958106,-1.9159524660489355,-1.1751498185114913,-0.12311986831969546,0.13118921174741993],"x":[0.38039686592746624,0.2069052596767367,-0.14514817927102971,-0.54129100309407219,-0.347888359092706,-0.60712585088132509,-0.27088155032380362,0.28234528230840078,0.24872717035296069,1.0355095425150262],"y":[0.39970741597947812,0.71708371314138886,0.639690207908855,0.54320286620607439,0.13663242389738503,-0.3177698351535031,-0.75339288627675449,-0.67599938104422053,-0.030778934700310734,0.13663242389738472]}