{"s":[0.7,0.1,1,0.5,0.8,0.4,0.2,0.3,0.6,0.9],"r":[0.68261894915938548,0.1980480328344186,0.94399634177915825,0.59603791344442,0.88350256400359772,0.5968115774488808,0.44187720159539234,0.49930199155150518,0.69251782908340764,0.87921432607918348],"or":[0.76,0.28,1,0.60000000000000009,0.84000000000000008,0.52,0.36000000000000004,0.44,0.67999999999999994,0.92000000000000015],"d":[0.578291924467252,1.3452769221491134,1.9512142687092922,2.6539954550847384,-3.059141444171448,-2.4560475090862628,-1.924642124475602,-1.3821454466906422,-0.74933070024696269,-0.082854273498682865],"x":[0.57162339843354026,0.044286044380313146,-0.35051392691983863,-0.52657632916407027,-0.88050115051307642,-0.46197634518774028,-0.15311394126976283,0.093636040792832026,0.50702341445721011,0.87619822337002751],"y":[0.37311569266750733,0.19303307898577352,0.87650960081887719,0.27924642133297017,-0.0727633461715445,-0.37783847800879056,-0.41450160708809636,-0.49044344284733021,-0.47170774934332804,-0.072763346171544813]}