{"s":[1,0.5,0.6,0.3,0.2,0.4,0.9,0.1,0.7,0.8],"r":[0.8130993997596393,0.51175213725937885,0.70402743522521649,0.57045676045587024,0.53937588814101989,0.69377997685147408,1.0260195454438286,0.329145033095823,0.65160285571082044,0.650425319584393],"or":[1,0.60000000000000009,0.67999999999999994,0.44,0.36000000000000004,0.52,0.92000000000000015,0.28,0.76,0.84000000000000008],"d":[0.70786694763209446,1.5672382279745556,2.1559484869552912,2.7766745528871151,-3.0452919674134522,-2.606540498601984,-2.0379931838596348,-1.8662789577624779,-0.85828114944678413,-0.079820283872743272],"x":[0.61775271232244044,0.00182086083384711,-0.3888528217208172,-0.53289388954553241,-0.53687678236063952,-0.59681870076041976,-0.46210413719981697,-0.095847559804819071,0.42597827867777815,0.64835439929598626],"y":[0.52868915281832085,0.51174889785456878,0.5868970204299514,0.20358049522201291,-0.051862021460800593,-0.35374863208594376,-0.91606543107770044,-0.31488045047463975,-0.49308091391293318,-0.051862021460800836]}