{"s":[0.5,0.3,0.1,0.4,0.9,0.8,0.6,1,0.7,0.2],"r":[0.7711614349734176,0.64167086442768873,0.45923002931946849,0.59435038509291493,0.83218426611580176,0.63712571389224382,0.43870779396802179,0.80847914646756025,0.7105765711581874,0.47266775701716079],"or":[0.60000000000000009,0.44,0.28,0.52,0.92000000000000015,0.84000000000000008,0.67999999999999994,1,0.76,0.36000000000000004],"d":[0.7803059583019214,1.2355816761746927,1.5783308563287914,2.1507559439754371,2.895882310496495,-2.6975700576385644,-1.8541565836690097,-1.0843340255626759,-0.32716243331285083,0.4425670769160831],"x":[0.54806314443116266,0.21109167096943476,-0.0034600494812058735,-0.32569816121146011,-0.80718943028148549,-0.57534424853792387,-0.12265544973156188,0.37796523131993287,0.67288618809439427,0.42712870672794578],"y":[0.54250967595655575,0.60595528275831478,0.45921699433530061,0.49716505110835174,0.20242498959502586,-0.2736935713111161,-0.42121273620278454,-0.71468931304881311,-0.22834894646291237,0.20242498959502567]}