{"s":[0.3,1,0.1,0.9,0.8,0.2,0.4,0.5,0.6,0.7],"r":[0.43826305258637532,0.98959087575822169,0.24696995232498931,0.90866922489290236,0.84720214748003908,0.38206254055309524,0.56338485131277116,0.65171733938208865,0.7259849498635742,0.78847345100747335],"or":[0.44,1,0.28,0.92000000000000015,0.84000000000000008,0.36000000000000004,0.52,0.60000000000000009,0.67999999999999994,0.76],"d":[0.54407511360325711,1.2339914639400498,1.8874671503679035,2.539041678053819,-3.0975978433080233,-2.4166024547213749,-1.8451712892060204,-1.2575888219867446,-0.66057216504642746,-0.047274080380852575],"x":[0.37498067390692458,0.32703322832014847,-0.076907591821569726,-0.74864579745350968,-0.84638238148362965,-0.28597607395215446,-0.15264649559814197,0.20080172202586141,0.57326769826464818,0.78759255959839092],"y":[0.22685677741393731,0.93399109683038506,0.23468996499981484,0.51498468930897978,-0.037260475156518015,-0.25335640907779977,-0.54231129258970778,-0.62001141834866014,-0.44544168367449477,-0.037260475156518306]}