{"s":[0.9,1,0.8,0.3,0.7,0.6,0.2,0.4,0.1,0.5],"r":[0.74102919244487786,0.74108020781055672,0.62035005915168029,0.38504299006522835,0.80589435306918444,0.83559579669091322,0.57352424278840486,0.71038608618334853,0.42196920402327714,0.583414529881785],"or":[0.92000000000000015,1,0.84000000000000008,0.44,0.76,0.67999999999999994,0.36000000000000004,0.52,0.28,0.60000000000000009],"d":[0.41472074575554196,1.215316073879106,2.0592022285059661,3.0735802199643056,-2.860513004796819,-2.324161662390992,-1.8315524293054886,-1.4086148119311381,-1.13461207262764,-0.39323058218599471],"x":[0.67821131585587224,0.25792602432934797,-0.29107988893391512,-0.38415278832301014,-0.77426824705321207,-0.5716288067075187,-0.14786095503915095,0.11470709043458352,0.17827526683051573,0.53888600256755481],"y":[0.29858612677174767,0.69474746518587216,0.54781994683263668,0.026167526096826904,-0.22354952452185051,-0.60947587547798832,-0.55413644081663083,-0.70106395916986641,-0.38246037491555451,-0.22354952452185073]}