{"s":[0.4,0.9,0.8,0.5,0.3,0.2,0.6,0.7,0.1,1],"r":[0.40949101205191585,0.78711249252108062,0.74654122249212107,0.59015990681887653,0.5163246325767028,0.49031434480860975,0.827373518039148,0.87855118117769715,0.3431669563648117,0.962144106934513],"or":[0.52,0.92000000000000015,0.84000000000000008,0.60000000000000009,0.44,0.36000000000000004,0.67999999999999994,0.76,0.28,1],"d":[0.44966768075620572,1.2727036599046506,2.0101630991204029,2.7496449797682581,-2.8863018709183645,-2.3643141720782155,-1.9002403074902128,-1.3629534529102652,-1.0428084333817782,-0.13593411705553735],"x":[0.36878416574848127,0.23117299119423576,-0.31755360147250861,-0.5454062061539906,-0.49959050279623629,-0.34950826931774664,-0.267669365775532,0.18128875549725876,0.17288622891223723,0.95326849669310931],"y":[0.17799193252644621,0.75239957736900542,0.67563563188442766,0.22543465994645942,-0.13038579570363865,-0.34387806909369745,-0.78287933232254947,-0.85964327780712735,-0.29643534167368452,-0.13038579570363895]}