{"s":[1,0.5,0.7,0.1,0.3,0.8,0.6,0.9,0.2,0.4],"r":[0.98135750532489008,0.61670996439547809,0.80352591287093389,0.33507267183715955,0.48676651459901205,0.86034180153321471,0.66687227551691108,0.876762656133242,0.30451708376644265,0.47453491815013615],"or":[1,0.60000000000000009,0.76,0.28,0.44,0.84000000000000008,0.67999999999999994,0.92000000000000015,0.36000000000000004,0.52],"d":[0.68113746558193122,1.3431459467706139,1.9277871755247051,2.5203930125445213,3.0787980470070107,-2.5735310184717184,-1.9649427724338528,-1.2958889630764681,-0.63615175176380323,0.06441541241454822],"x":[0.76237443324482312,0.13918474786429366,-0.28079726276702466,-0.27247467592817559,-0.48580713015040095,-0.7252211611913626,-0.2560924386122414,0.23800404448342721,0.24494987865832374,0.47355075389429468],"y":[0.61793832766071921,0.60079845717730074,0.75286571835727389,0.19501601572673077,0.030546227752401938,-0.46286313617058461,-0.61573963226248341,-0.84384052403244325,-0.18091492821459246,0.030546227752401754]}