{"s":[0.1,0.4,0.3,1,0.6,0.7,0.2,0.9,0.8,0.5],"r":[0.37027366203486684,0.61012667617914151,0.50281908322232094,1.0017102507423992,0.62687321536820551,0.66475177805134289,0.26545197543983562,0.85663921688431777,0.83552645386720947,0.65424717018301448],"or":[0.28,0.52,0.44,1,0.67999999999999994,0.76,0.36000000000000004,0.92000000000000015,0.84000000000000008,0.60000000000000009],"d":[0.71977123723070768,1.2140705483115997,1.7335792334372797,2.4165649896266981,3.0125364255833156,-2.5641652195622289,-1.7869917431497238,-1.1680070737542876,-0.51229474281969312,0.12362817100909619],"x":[0.27842970624875674,0.21306112667794244,-0.081489348328170785,-0.7497611670424843,-0.62166001056365217,-0.55697537830037669,-0.056943475410994787,0.33579049126382277,0.72826321331367472,0.64925380266919486],"y":[0.24408908921732209,0.57171629090321785,0.49617186192042911,0.66429031216591738,0.080677502515090718,-0.36286823281953745,-0.259272427907459,-0.78808343078698073,-0.40955725759160388,0.080677502515090482]}