{"s":[0.3,0.1,0.7,1,0.2,0.8,0.5,0.4,0.9,0.6],"r":[0.476247914141554,0.31293927019212531,0.77839787438971875,0.99690979529965573,0.33630792422536065,0.80610045913557871,0.56928789062788032,0.50556000945561974,0.92783945395679068,0.70697781239219748],"or":[0.44,0.28,0.76,1,0.36000000000000004,0.84000000000000008,0.60000000000000009,0.52,0.92000000000000015,0.67999999999999994],"d":[0.6403159131274464,1.2048467568383028,1.8439294517598563,2.4776998148381773,3.0658611670175437,-2.5203621217137582,-1.856495188749977,-1.1934458292321388,-0.59009474985387056,0.035998664688238959],"x":[0.38190656274721829,0.11198098340260129,-0.20997262207284251,-0.78516564300933178,-0.33534397869760141,-0.65549095348082642,-0.16044129815354363,0.18627796928154977,0.77093063133273509,0.70651977422208334],"y":[0.28453374677669779,0.292217806070346,0.74954302667311068,0.61428336539592554,0.0254447607187333,-0.46917966721010812,-0.54621176503472268,-0.46999089493426183,-0.51628675558428383,0.025444760718733087]}