{"s":[0.5,0.7,0.3,0.9,0.8,0.1,0.4,1,0.6,0.2],"r":[0.63637832228008318,0.78239285362545741,0.4410736843887938,0.8957295045495125,0.801014375898654,0.24222758815286463,0.49664289830722341,0.99851309832400692,0.70229305505576067,0.39681697909684338],"or":[0.60000000000000009,0.76,0.44,0.92000000000000015,0.84000000000000008,0.28,0.52,1,0.67999999999999994,0.36000000000000004],"d":[0.60952951492433216,1.2160945979405535,1.7956136509861074,2.4775809644293507,3.1261542696079325,-2.4638946149717746,-1.8210605227909993,-1.2172142714943091,-0.58278814527604839,0.03116771520211619],"x":[0.52177769296296184,0.27173339158317955,-0.09832780094931598,-0.70541049499573494,-0.80091891942958959,-0.18869967901312584,-0.12299854711814914,0.34574563008967846,0.58636654496078777,0.39662425544020369],"y":[0.36431498486098873,0.73368899494464879,0.42997399761006128,0.55202117610684776,0.012365876275003478,-0.15187704106512309,-0.48117099439370148,-0.93674349039558269,-0.3865097801224468,0.012365876275003287]}