{"s":[0.1,0.9,0.6,0.5,0.2,0.7,1,0.4,0.3,0.8],"r":[0.34545952262231705,0.98650210840576069,0.71623752782283334,0.59790854788380643,0.32126895859306953,0.70914947111146531,0.96135472536461875,0.50597268700713072,0.4636082678196527,0.8990341922294508],"or":[0.28,0.92000000000000015,0.67999999999999994,0.60000000000000009,0.36000000000000004,0.76,1,0.52,0.44,0.84000000000000008],"d":[0.64499878451006554,1.2247151268174394,1.8056991439166914,2.4123042970529123,3.0142242777739194,-2.5213995589684624,-1.8521983397469817,-1.1443258178738889,-0.49795146448858557,0.04540759967850895],"x":[0.27605687646028371,0.33463529673676873,-0.16670319066986916,-0.44582978348418778,-0.31866655414362871,-0.57708190347409183,-0.26697088815119696,0.20930067488510906,0.40730899645018759,0.89810751459497318],"y":[0.20768939002614181,0.92801165298012611,0.696567471593563,0.39840988415319745,0.040808957664968296,-0.41215221588678852,-0.923541798112377,-0.46065343533925129,-0.22143172175973316,0.040808957664968046]}