{"s":[0.8,0.6,0.1,0.7,0.9,0.4,0.2,1,0.3,0.5],"r":[0.85189796309397692,0.67614020332760028,0.26210172588452296,0.7475894554157726,0.91769442180244831,0.526259890632406,0.37787759648054003,1.034374050705017,0.46778378293282635,0.62213272447603507],"or":[0.84000000000000008,0.67999999999999994,0.28,0.76,0.92000000000000015,0.52,0.36000000000000004,1,0.44,0.60000000000000009],"d":[0.60133468400534573,1.2283714494434559,1.854679241315117,2.5216625831697175,-3.1218886926083753,-2.469584667093466,-1.8343648033581161,-1.2489663843597911,-0.64172480729368353,-0.02906709562883257],"x":[0.70245909642714444,0.22702906591915217,-0.073410827942746323,-0.60847732641762431,-0.91751628193587131,-0.41183686299090916,-0.098447485764571283,0.32717569720645151,0.37472499071595211,0.62186992423984422],"y":[0.48195576287707836,0.636885686590432,0.25161113856982986,0.43433320974168121,-0.018081045044591688,-0.32762764042467324,-0.36482813826313393,-0.98126741509609772,-0.2800050872892762,-0.018081045044591952]}