{"s":[0.3,0.5,0.9,0.6,0.7,0.4,0.2,0.8,0.1,1],"r":[0.44423616010655059,0.52920918772062142,0.81848184095798215,0.59104455804840361,0.73724233186103261,0.57356295165966564,0.47184044498753741,0.989650327586792,0.40339904163389689,1.0860868268157742],"or":[0.44,0.60000000000000009,0.92000000000000015,0.67999999999999994,0.76,0.52,0.36000000000000004,0.84000000000000008,0.28,1],"d":[0.34339301427340441,1.0935148948062787,1.8676167425088364,2.6200376408962356,-2.9834581833025715,-2.2938098303529832,-1.7017879955902544,-1.2422973411716431,-0.785088642724151,-0.10710045206829974],"x":[0.41830063777240467,0.2431007691539373,-0.239390506065202,-0.51246251007948,-0.72804359574925437,-0.37949634610063948,-0.061630562563413968,0.31928360208327489,0.285334473793564,1.0798637954882866],"y":[0.14956718351768322,0.47006848480267632,0.78269068576533729,0.29447554289222672,-0.1160981420023129,-0.43006625398049031,-0.46779811808530658,-0.936731419529298,-0.28515789460594709,-0.11609814200231325]}