{"s":[0.5,0.9,1,0.6,0.2,0.3,0.4,0.1,0.8,0.7],"r":[0.41441051234312787,0.67034283450808918,0.80736928415050058,0.63587260161918091,0.47251846918280127,0.62049193380693168,0.72178771827121568,0.46253316381440934,0.89503409580095628,0.68821637584827067],"or":[0.60000000000000009,0.92000000000000015,1,0.67999999999999994,0.36000000000000004,0.44,0.52,0.28,0.84000000000000008,0.76],"d":[0.33393192712801528,1.2723382931807934,2.0558092389966935,2.8524909535270671,-2.692645708702496,-2.3182546750433479,-1.8995376478912978,-1.5579588810111837,-0.86697733172142943,-0.30258551357485158],"x":[0.39151885702966227,0.19711213801884528,-0.37641153206293065,-0.60948411738811814,-0.425694084058008,-0.42179605968478451,-0.23303061454248686,0.0059375813249198384,0.5792069147329959,0.65695017274436918],"y":[0.13582730701401913,0.640707671892556,0.7142545201255146,0.18128175898741783,-0.20508108278647141,-0.4550805686401645,-0.6831355963007042,-0.46249505160182763,-0.68235282850715839,-0.20508108278647164]}