{"s":[0.8,0.6,0.2,0.5,0.7,0.4,0.1,0.9,1,0.3],"r":[0.79290816827962651,0.71150182496363945,0.456909896412632,0.721989821522501,0.87002852553074927,0.58391785130109308,0.28507083053304633,0.83394809207343434,0.87630358877469672,0.33551693899156187],"or":[0.84000000000000008,0.67999999999999994,0.36000000000000004,0.60000000000000009,0.76,0.52,0.28,0.92000000000000015,1,0.44],"d":[0.76924520091368542,1.4286224744430895,2.0735225762704812,2.5365681130236579,3.0743732573385123,-2.7051829229194171,-2.3262845550918989,-1.3595208263000005,-0.64750997925381126,0.17506819469632118],"x":[0.56965369928236376,0.10081651192927218,-0.22014661881308598,-0.59382806514404085,-0.86806367654515615,-0.52919018934257389,-0.19545714721752,0.17488492671597006,0.69892945088529745,0.33038844963187103],"y":[0.55154149999657387,0.70432299256023467,0.4003774714753166,0.410655002927491,0.05843876025478361,-0.24681531672822948,-0.20751357069451992,-0.8154046128643565,-0.52858831086639568,0.058438760254783409]}