{"s":[0.7,0.2,0.1,0.3,0.6,0.9,0.5,1,0.4,0.8],"r":[0.820005703078504,0.49270176236180613,0.42730209465244823,0.55272188939807576,0.70964119332023823,0.8444647873697656,0.45668756887610928,0.82346312391356591,0.40897833761845154,0.805734822869989],"or":[0.76,0.36000000000000004,0.28,0.44,0.67999999999999994,0.92000000000000015,0.60000000000000009,1,0.52,0.84000000000000008],"d":[0.79982313104655689,1.4086040981319921,1.8398604296829557,2.3207533685385449,2.92594177223734,-2.6797641354649158,-2.0490112846410358,-1.2332425902373061,-0.36676484904528944,0.18959705190202991],"x":[0.57140750680210517,0.07956249062346793,-0.11358942936093377,-0.37673928978188931,-0.69320400386276471,-0.75599800841548725,-0.21016538935313475,0.27271441060786938,0.38177814748530614,0.79129626089077976],"y":[0.58813503062772388,0.48623537172877523,0.41192781119005217,0.40443663849163858,0.15185134930452129,-0.37628152808672416,-0.40545535473590227,-0.77699315742951769,-0.14665853791661754,0.15185134930452102]}