{"s":[0.1,0.2,0.3,0.4,0.7,0.8,0.6,0.5,1,0.9],"r":[0.37406517000289363,0.50234681779936552,0.59391115660724458,0.63788486627400587,0.78609409243729267,0.7574804546991909,0.51652830712251185,0.4119234631283189,0.84917350451716644,0.87120710253407974],"or":[0.28,0.36000000000000004,0.44,0.52,0.76,0.84000000000000008,0.67999999999999994,0.60000000000000009,1,0.92000000000000015],"d":[1.0533206814284617,1.4236802391905532,1.8528054206197104,2.3329337102371688,2.9287752929696302,-2.7183245956562843,-2.0473711833759998,-1.2102743287672948,-0.49317192631129231,0.19175276425190579],"x":[0.18504550355629468,0.073637003512559918,-0.16527712453021132,-0.44043980405222477,-0.76835959528160891,-0.69063392709563276,-0.23695136294304281,0.14531124192539119,0.7479822804039622,0.85523935889453406],"y":[0.32508908474892084,0.49692043333600211,0.57045064120358391,0.46142158773495223,0.1660344979318843,-0.31112926251922557,-0.45897226894256071,-0.38544206107497914,-0.40201759784324675,0.166034497931884]}