{"s":[0.5,0.4,1,0.7,0.2,0.3,0.8,0.1,0.9,0.6],"r":[0.527428509775454,0.42291644406347989,0.92815848854749683,0.740906996136366,0.40569704667101886,0.52958407959544029,0.95010152740892606,0.370693948575251,0.96635613129643438,0.66332884956816618],"or":[0.60000000000000009,0.52,1,0.76,0.36000000000000004,0.44,0.84000000000000008,0.28,0.92000000000000015,0.67999999999999994],"d":[0.5124414927789076,1.2537443039409153,1.9485659430060449,2.6441475820211227,-2.8990305123377915,-2.3978708494617877,-1.8836679472971267,-1.4164796261386821,-0.72854095353019221,-0.1474359588444048],"x":[0.45968033164125804,0.13185133750486477,-0.34234965277682772,-0.65111247209335277,-0.39382057380054247,-0.389749459449915,-0.29243375906296559,0.056977496934071156,0.72104334428469585,0.65613239010159263],"y":[0.25860167367234715,0.40183770785912659,0.86271368083875855,0.35354734563887746,-0.097444596202141159,-0.35854519411009922,-0.903977548916497,-0.36628891377359313,-0.6433822100096902,-0.097444596202141368]}