{"s":[0.3,0.9,0.1,0.6,0.7,1,0.8,0.4,0.2,0.5],"r":[0.63098813073572257,1.063925580370338,0.37175762773121834,0.61907425590620635,0.589136476754142,0.79268498920734742,0.69607865328178,0.51025348430465067,0.47120781359357727,0.76960680207365961],"or":[0.44,0.92000000000000015,0.28,0.67999999999999994,0.76,1,0.84000000000000008,0.52,0.36000000000000004,0.60000000000000009],"d":[0.59635565650084033,1.132796626811307,1.3407349946159643,2.2182302532186964,2.9731050494474207,-2.4878328238448137,-1.6950143462218694,-0.86984387997481749,-0.23632656839371882,0.12872362113511177],"x":[0.52207193226663351,0.45124152158049208,0.084774583446637256,-0.37338944086840065,-0.58079401575012712,-0.6292355474784106,-0.086243321015828434,0.32908587553587365,0.45811040561413108,0.763239497331552],"y":[0.35438244689705628,0.96349298376692027,0.36196271047967393,0.49379475470463047,0.098793215916503682,-0.48209139994838879,-0.69071526777300729,-0.38995013112938409,-0.11032524579485781,0.098793215916503446]}