{"s":[0.8,0.6,0.7,0.3,0.1,0.4,1,0.9,0.2,0.5],"r":[0.81439380966255526,0.71006739920113593,0.8210799287544952,0.5144129935683166,0.33780219870319078,0.52449131135734062,0.9365403152183418,0.82007125398237646,0.26716683404647323,0.53089189445091034],"or":[0.84000000000000008,0.67999999999999994,0.76,0.44,0.28,0.52,1,0.92000000000000015,0.36000000000000004,0.60000000000000009],"d":[0.73393089321075777,1.3628708137820222,1.9287822409301112,2.4800559637235691,2.9521341769508354,-2.6776968643032539,-1.9654354784303765,-1.3005176509065177,-0.5643271452198344,0.12011965055642465],"x":[0.60472589078113859,0.1465795968968224,-0.28769700031587381,-0.40589712434907171,-0.33175768865703603,-0.46906106279470994,-0.36007643318465671,0.21895902976560494,0.22574226010730969,0.52706644944259673],"y":[0.54547582369491743,0.69477344018163967,0.769027103171751,0.31601938610957275,0.063617304765693536,-0.2346760640952546,-0.864553482610698,-0.79029981962058693,-0.14289348906111682,0.063617304765693369]}