{"s":[0.3,0.2,0.4,0.9,0.6,0.8,1,0.5,0.7,0.1],"r":[0.65119917127619287,0.55111355322431255,0.6203135996060638,0.859506761394277,0.50286265060744617,0.58818779319335091,0.78924984015689137,0.54339267675847491,0.82412920626090513,0.4685472799256436],"or":[0.44,0.36000000000000004,0.52,0.92000000000000015,0.67999999999999994,0.84000000000000008,1,0.60000000000000009,0.76,0.28],"d":[0.64516288897664054,1.0307061605107231,1.5383481075396375,2.2574343243693744,2.8569639025819753,-2.5319231825299204,-1.7278873627173661,-0.85839657614969345,-0.36123341151369387,0.30612537130373058],"x":[0.52030932807492081,0.28338993318938283,0.020124539775699807,-0.54487628249933318,-0.48263045759659495,-0.48221830540673005,-0.12347476572267294,0.355189585938569,0.77094123644533352,0.44676377063239092],"y":[0.39158468278141928,0.47266932872193468,0.61998706821598171,0.664726793240791,0.14120441486032889,-0.33679427844357113,-0.77953145697746518,-0.41123710824234766,-0.29127059336700944,0.14120441486032875]}