{"s":[0.5,0.8,1,0.7,0.2,0.3,0.9,0.4,0.6,0.1],"r":[0.55815934317684446,0.70907002853123335,0.83535500473102853,0.63609882174151688,0.3421393270884926,0.50090718542190826,1.0285933931295503,0.65816162555452773,0.79019787845301492,0.34714968270362212],"or":[0.60000000000000009,0.84000000000000008,1,0.76,0.36000000000000004,0.44,0.92000000000000015,0.52,0.67999999999999994,0.28],"d":[0.37683422426152263,1.1384575222676447,1.8892908629228833,2.6543841311614909,-2.7163987251958477,-2.232308318913617,-1.8035872188925264,-1.2621395047927955,-0.74177688361811578,-0.41866809149946632],"x":[0.51899566366080152,0.29709718911657929,-0.2615806979983395,-0.56208437342211959,-0.31167481548085069,-0.3077125999908441,-0.23729035508029978,0.19993581744441938,0.58258860701862025,0.31716679155561239],"y":[0.20539073366851443,0.6438272793073555,0.79334325632974168,0.29779668932949743,-0.14113160006017147,-0.39524797812787449,-1.0008484679388918,-0.62705852538292639,-0.533856911619349,-0.14113160006017159]}