{"s":[0.6,0.7,0.8,0.2,0.1,0.5,0.9,0.4,0.3,1],"r":[0.562977225013532,0.68603015807825585,0.83217747258077079,0.42847239222885325,0.38373028805571019,0.69978933987367964,0.97910806017953644,0.52754565597085434,0.38137033253845321,0.88007401208707592],"or":[0.67999999999999994,0.76,0.84000000000000008,0.36000000000000004,0.28,0.60000000000000009,0.92000000000000015,0.52,0.44,1],"d":[0.68487133920153387,1.3869834999598007,2.0205059434592716,2.7315645589193731,-3.0432371373526395,-2.5587620285464689,-1.9761531974726041,-1.4714553064982721,-0.87409323978059039,-0.042829001198697272],"x":[0.43602610898785543,0.12539224148331463,-0.36175091011266314,-0.39295615438440262,-0.381875717358937,-0.58425975362415461,-0.38610806769246225,0.052320768743917848,0.24472250974810356,0.87926696531151849],"y":[0.35612439984484046,0.67447324896445437,0.749436871860185,0.17080413236727554,-0.037681168544985121,-0.38515667006541954,-0.89976283184588579,-0.52494471736723336,-0.29249653632663714,-0.0376811685449854]}