{"s":[1,0.4,0.3,0.6,0.5,0.1,0.2,0.9,0.8,0.7],"r":[0.83416327856268,0.50130671728005871,0.53828628055654881,0.837956195080029,0.78097992212226919,0.440848560545292,0.43824093585638763,0.83587904005800673,0.65402675394293652,0.54205537225704525],"or":[1,0.52,0.44,0.67999999999999994,0.60000000000000009,0.28,0.36000000000000004,0.92000000000000015,0.84000000000000008,0.76],"d":[0.78615285945279867,1.652771078731988,2.2295973319154729,2.633897835984587,3.1176271285925532,-2.8152549354564038,-2.3420934695869775,-1.4759647942145213,-0.78310766100877161,0.034532491112988541],"x":[0.58939719113733391,-0.041048484381121825,-0.32952228973560038,-0.732262706606247,-0.78075565635759081,-0.41758177857206125,-0.30548280595606059,0.0791489345165774,0.4635248199236594,0.54173220577051784],"y":[0.5902874946853105,0.49962330482086353,0.42563738135038215,0.40738423311008615,0.01871480226273433,-0.14132555161558708,-0.3142218533544322,-0.83212331764780234,-0.46140625937223007,0.018714802262734077]}