{"s":[0.5,0.2,0.6,0.8,0.3,0.7,0.1,0.9,0.4,1],"r":[0.55874916686908227,0.343695758897166,0.71064990631157787,0.910005163333875,0.5168880687244094,0.8412190647711808,0.3244747465493476,0.94020307230059386,0.49234836942202009,0.9644220050850929],"or":[0.60000000000000009,0.36000000000000004,0.67999999999999994,0.84000000000000008,0.44,0.76,0.28,0.92000000000000015,0.52,1],"d":[0.6782801056409351,1.4241221083595412,1.9762681640240465,2.5655561888149756,-3.1180942522301542,-2.546451563926694,-2.0624644866691031,-1.3256142295308428,-0.72505802848792467,-0.012593290584688983],"x":[0.4350717294172276,0.050230748663010819,-0.28031754918166307,-0.76315597952539094,-0.5167453689906969,-0.69658777347302336,-0.15318358847217323,0.22821829365629664,0.36850352336485981,0.9643455317862123],"y":[0.35058981978773468,0.34000536256455177,0.653027840877738,0.49568371791794175,-0.012144925537782717,-0.47160893628343814,-0.28603959406182083,-0.91208455068819361,-0.32651503815323141,-0.012144925537783024]}