{"s":[0.1,1,0.5,0.9,0.3,0.6,0.4,0.7,0.2,0.8],"r":[0.30199222525434932,0.98261967391602412,0.53136431869409506,0.86812745513978273,0.41377502032507357,0.7201424837294006,0.6076009362323832,0.88562523808990556,0.46669381850663805,0.93074197415591908],"or":[0.28,1,0.60000000000000009,0.92000000000000015,0.44,0.67999999999999994,0.52,0.76,0.36000000000000004,0.84000000000000008],"d":[0.30139383992628721,1.180034576048929,1.8384684145056462,2.5538828212720648,-2.9427908200351869,-2.3781967600473557,-1.760876097901972,-1.2287517541224304,-0.7039086105770338,-0.087912458429477813],"x":[0.28837951903438253,0.37427281289495989,-0.14053902994290002,-0.72246665773598218,-0.40562527161614709,-0.52029742238190924,-0.11479843780100714,0.29705103646928072,0.35576926415240689,0.92714762362005521],"y":[0.089646846657157331,0.90854899983133974,0.51244201647010612,0.481338972894648,-0.081718458571744729,-0.49789134269907831,-0.59665753694134871,-0.834321726958089,-0.30204527958033334,-0.081718458571744992]}