{"s":[0.7,0.5,0.6,0.1,0.9,0.3,0.8,1,0.4,0.2],"r":[0.84091086177076213,0.72201161455237517,0.80695556039758465,0.37312027204374359,0.94700003748220329,0.3939764758340521,0.73865237368877112,0.89500192560897363,0.45847756339883666,0.37685783027429615],"or":[0.76,0.60000000000000009,0.67999999999999994,0.28,0.92000000000000015,0.44,0.84000000000000008,1,0.52,0.36000000000000004],"d":[0.75091933093491714,1.3188684334759102,1.8475420217878393,2.2593161673659767,3.0129455626464834,-2.7773594469230019,-1.9457832305580252,-1.2229055469544265,-0.422403686558233,0.32824714667667576],"x":[0.61475789920119028,0.17997688793175337,-0.2204817428305903,-0.2370787247683584,-0.93917437900181266,-0.36813051307136591,-0.27053907167588348,0.30512021004498546,0.418180216746679,0.3567369723216201],"y":[0.57376284544555944,0.69922034535540267,0.77625065380646563,0.2881187527256881,0.12149303197242989,-0.14034738635411892,-0.68732520676373221,-0.84138582366585823,-0.18795473514076427,0.12149303197242969]}