{"s":[0.2,1,0.7,0.4,0.5,0.3,0.9,0.6,0.8,0.1],"r":[0.3656494203907994,0.99953664118154084,0.75612020679585334,0.51271990641668974,0.589476598937097,0.43034595597049546,0.910856790919094,0.6767290405439329,0.84050718769415089,0.28611470070674133],"or":[0.36000000000000004,1,0.76,0.52,0.60000000000000009,0.44,0.92000000000000015,0.67999999999999994,0.84000000000000008,0.28],"d":[0.62140792675720913,1.2502107624556225,1.8745519760920775,2.500977488144335,3.1376318974361674,-2.5074024452017731,-1.8779036270261762,-1.245012882323119,-0.62081754829368041,0.008160338735006635],"x":[0.29729476977379804,0.31497633034710915,-0.22616010789017493,-0.41106202415433607,-0.589471975209746,-0.3466659519790512,-0.27535432954811012,0.21658788703123913,0.68367120282550753,0.28610517440923805],"y":[0.2128739497854821,0.94861130521702353,0.72150493603585864,0.30644691992917655,0.0023347669621698354,-0.25499090093298971,-0.86823964823229594,-0.64113327905113082,-0.48892332629222585,0.002334766962169694]}