{"s":[0.3,0.5,0.8,1,0.9,0.1,0.4,0.7,0.6,0.2],"r":[0.51576711464017455,0.5575396774233975,0.67899813521245589,0.7875228110436634,0.74878280923984231,0.27108384329150692,0.58148528082456508,0.88656279962657314,0.83963235007761783,0.50840906183499657],"or":[0.44,0.60000000000000009,0.84000000000000008,1,0.92000000000000015,0.28,0.52,0.76,0.67999999999999994,0.36000000000000004],"d":[0.291082476117692,0.939886473767099,1.721734932108052,2.507098746642912,-3.0043181829986425,-1.8323180770643452,-1.5816739712038426,-1.1318608867906623,-0.62252641714718981,-0.20293289235739015],"x":[0.49407074054348521,0.32888133780114392,-0.10209832342984737,-0.63424866101916533,-0.74173874480222279,-0.070088960237840087,-0.00632506537851607,0.37676796682680946,0.68212397413726022,0.49797634912072719],"y":[0.1480196604612477,0.45020834904243617,0.67127818374710113,0.46681989450912381,-0.10246623771922621,-0.26186635474316428,-0.58145087957933372,-0.80252071428399874,-0.4895808076345044,-0.1024662377192264]}