{"s":[0.8,0.7,0.9,0.3,0.1,0.6,0.5,1,0.4,0.2],"r":[0.76635344510937264,0.70328551028433783,0.89620292761886822,0.462988130508837,0.33322863050676466,0.73674148284980079,0.6441075621191078,1.0065357987741028,0.49383398220902214,0.30335287858328475],"or":[0.84000000000000008,0.76,0.92000000000000015,0.44,0.28,0.67999999999999994,0.60000000000000009,1,0.52,0.36000000000000004],"d":[0.63399716049040022,1.315419270314151,1.9547512384091086,2.6428202973257906,-3.0385516356750135,-2.5191809972760435,-1.9491455839853684,-1.3187714864651896,-0.74973164115444912,-0.11323064050876352],"x":[0.61742503226326217,0.17765713167683861,-0.33570896434075848,-0.4065825014860035,-0.33146117576913153,-0.59858391406399081,-0.23792494605169251,0.25099514539363793,0.36142314882594573,0.30141028482386978],"y":[0.45396468184839428,0.68047663629272381,0.83095076793627531,0.22146936239004228,-0.034275489014144934,-0.42951753209334326,-0.59855348267746256,-0.97473881178634081,-0.33651940431000271,-0.034275489014145059]}