{"s":[0.3,1,0.4,0.2,0.7,0.8,0.5,0.6,0.9,0.1],"r":[0.50690697848785571,1.0719275780380835,0.570957121501253,0.37463179320664919,0.72860186450672448,0.77755948011169673,0.53232113288019134,0.63666781981384724,0.917954874402224,0.322411525858896],"or":[0.44,1,0.52,0.36000000000000004,0.76,0.84000000000000008,0.60000000000000009,0.67999999999999994,0.92000000000000015,0.28],"d":[0.68460117742735316,1.2425018457991324,1.7919414842257455,2.3235426204451071,3.0573735647423765,-2.5499547913439362,-1.856488810543542,-1.1732465809456087,-0.55127366079718965,0.19126160497066177],"x":[0.39268629295877611,0.34562060640665365,-0.12523775226206063,-0.2561153843473728,-0.72601945777257426,-0.64539639073106214,-0.15001977113936155,0.24649253089745049,0.78196729934246556,0.31653241241359314],"y":[0.320549777978369,1.0146798159940349,0.55705254689422556,0.27341157689795625,0.0612896720360988,-0.43366143930823542,-0.510744414338663,-0.58701562585529776,-0.48079964038864853,0.061289672036098641]}