{"s":[0.8,0.5,0.7,1,0.9,0.3,0.1,0.2,0.6,0.4],"r":[0.82172728967179876,0.47440503193893768,0.53479488344186243,0.77362368983568441,0.79228000693156986,0.48027007437473884,0.429248608956594,0.54677041656044234,0.84795474070777876,0.63463903204779448],"or":[0.84000000000000008,0.60000000000000009,0.76,1,0.92000000000000015,0.44,0.28,0.36000000000000004,0.67999999999999994,0.52],"d":[0.37656177408888392,0.91528385987124883,1.7870648355267673,2.609388305352025,-2.9222461905008625,-2.0729726470823779,-1.5059690387132936,-1.1608969875032167,-0.7159847184880872,-0.27509715520507966],"x":[0.7641525171277157,0.28918097567551526,-0.11475979402524875,-0.66662426427952326,-0.7732968686516154,-0.23117046124253754,0.027807536457373744,0.21789731043420388,0.63973714483143385,0.61077584978571875],"y":[0.30216993424021588,0.37607778136489467,0.52233682335335851,0.39256299335108458,-0.17239362609184425,-0.42097453864673295,-0.428346949571656,-0.50147647056588784,-0.55656412731303606,-0.17239362609184447]}