{"s":[0.8,0.2,0.3,0.4,0.5,0.7,0.6,1,0.9,0.1],"r":[0.95396854668611142,0.55831271931537063,0.64836031264689231,0.68115936646064579,0.65800401837375455,0.67757106283459967,0.48902289022704037,0.781158746659303,0.77995515253770864,0.32804696173798875],"or":[0.84000000000000008,0.36000000000000004,0.44,0.52,0.60000000000000009,0.76,0.67999999999999994,1,0.92000000000000015,0.28],"d":[0.82731677490301037,1.4227346217164685,1.8244133674105645,2.2825296254245777,2.8122175379689525,-2.7953279359430656,-2.0748561534288918,-1.2063966862029369,-0.42723315125443495,0.70598924815169084],"x":[0.64569682018564112,0.082363030999017164,-0.16267809480593648,-0.444897373012502,-0.62263278090414309,-0.63735517181217427,-0.23619043254742267,0.27839593164297988,0.70984941978553184,0.24963393352255581],"y":[0.702233297749803,0.55220415035924775,0.62762005424132739,0.5157949301841217,0.21283258288988954,-0.2299585400786037,-0.428202600107787,-0.72986621563610565,-0.32317772386144472,0.2128325828898894]}