{"s":[0.3,0.8,1,0.1,0.7,0.4,0.6,0.9,0.5,0.2],"r":[0.44358486706015421,0.8383964645602151,0.99388778943352041,0.27144448999426318,0.75305184712032935,0.51710640195639723,0.68257548757070963,0.92725212266444468,0.60906390514960862,0.36763768521026685],"or":[0.44,0.84000000000000008,1,0.28,0.76,0.52,0.67999999999999994,0.92000000000000015,0.60000000000000009,0.36000000000000004],"d":[0.61003921618802348,1.2465295894957567,1.8793179821927619,2.5110927638432976,-3.1354243062367098,-2.4975939688641025,-1.8725406398223627,-1.2505943078155961,-0.62734635438690622,-0.012635210417179023],"x":[0.36357349131772787,0.26712470288570828,-0.30179445106578251,-0.21925464507629538,-0.75303752091573661,-0.4135306905409698,-0.20285198950900163,0.29186031827490339,0.49309085496084409,0.36760833919042407],"y":[0.25412959429356652,0.79470310487331686,0.946959897403767,0.16002972149170722,-0.0046450559115465478,-0.31046964251758935,-0.65173642416595978,-0.88012161296163527,-0.35751957891851921,-0.0046450559115467291]}