{"s":[0.6,0.4,0.2,0.9,0.8,0.3,1,0.5,0.1,0.7],"r":[0.77406944578540593,0.5809633833804716,0.36997058897290219,0.86789206325145019,0.75207749956994685,0.35403450308527673,0.95575999510428578,0.61512298524457865,0.34961716041901936,0.856906022744986],"or":[0.67999999999999994,0.52,0.36000000000000004,0.92000000000000015,0.84000000000000008,0.44,1,0.60000000000000009,0.28,0.76],"d":[0.58444170337116275,1.1180104032946592,1.6226345687860786,2.4267986853902461,3.1078896126160109,-2.4172239447280428,-1.8008612505411878,-1.100025849972462,-0.41224125353886709,0.02957873498507951],"x":[0.64558959036339225,0.25415545705336784,-0.019170036597339776,-0.6554566503082373,-0.75165039947591028,-0.26514277810674841,-0.21795221379785457,0.27900322920343207,0.32032803019548489,0.85653119586477544],"y":[0.42708030592963764,0.52242076574240282,0.36947360717893341,0.56887011964205347,0.025342500411127136,-0.23460549139496803,-0.93057724061055713,-0.54820934420188361,-0.14007894892002451,0.025342500411126845]}