{"s":[0.9,0.4,0.6,0.1,1,0.2,0.5,0.3,0.8,0.7],"r":[0.80407667753115863,0.47818190445759895,0.73115775294589713,0.40734135337422545,1.1719281372582933,0.5097060343693619,0.69779652563694494,0.45412415037891712,0.75920733316520239,0.62548341897198345],"or":[0.92000000000000015,0.52,0.67999999999999994,0.28,1,0.36000000000000004,0.60000000000000009,0.44,0.84000000000000008,0.76],"d":[0.71172110405598432,1.5432756388386288,2.09404749255485,2.7876536562855381,-3.118711087770679,-2.6450729701995654,-2.0799359320734667,-1.597391819025147,-0.77420954002869347,-0.04288112071365284],"x":[0.60887812239658534,0.013158233850146472,-0.3653587474277793,-0.38209219990803212,-1.1716213597481073,-0.44815688806167331,-0.34012428200925104,-0.012076231568382001,0.54281343424294426,0.62490844059685458],"y":[0.52517305282769011,0.47800083120496889,0.633328228781015,0.14118260848343198,-0.026813210917180873,-0.24280783586082619,-0.609290951827354,-0.45396355425130785,-0.53080066911902013,-0.026813210917181189]}