{"s":[0.4,0.5,0.1,0.3,0.2,0.8,0.9,0.6,0.7,1],"r":[0.56685941045208554,0.73659732346950957,0.4744930229985313,0.61781329040091482,0.48205252222956441,0.812162849979855,0.76325273766591117,0.456825725803628,0.55566218470458761,0.88647859029183429],"or":[0.52,0.60000000000000009,0.28,0.44,0.36000000000000004,0.84000000000000008,0.92000000000000015,0.67999999999999994,0.76,1],"d":[0.99677738764001589,1.461515858044707,1.9657772492860741,2.3705518733661,2.7578105252860023,-2.7673911931915578,-2.0825828932539894,-1.3405916450100308,-0.46950414180967315,0.20504270355988646],"x":[0.30781102592838483,0.080335580189185282,-0.182580445650407,-0.44308689243717669,-0.44698567324322336,-0.75596102508949414,-0.37379210080647424,0.10423703708369349,0.49553550551977515,0.86790889437924923],"y":[0.47600626417621983,0.732203394896604,0.43795891330167436,0.4305429915192801,0.18049499190611093,-0.29686937099175748,-0.665457892679312,-0.44477453148311474,-0.25140609833481786,0.18049499190611062]}