{"s":[0.6,1,0.9,0.3,0.8,0.7,0.4,0.1,0.2,0.5],"r":[0.61039128293807887,0.80899805673363456,0.696953760120246,0.30324191933187483,0.78378292666679539,0.82074667587596861,0.66826809729409375,0.45852617964827064,0.50671318811515664,0.65059771276760436],"or":[0.67999999999999994,1,0.92000000000000015,0.44,0.84000000000000008,0.76,0.52,0.28,0.36000000000000004,0.60000000000000009],"d":[0.33623713458556603,1.1314615941044119,1.9026540583702418,2.9235791691396273,-2.9054321159089422,-2.2974564527083503,-1.7332335362554796,-1.2835403380815831,-0.86936060470012932,-0.28574076192439185],"x":[0.57621111395283553,0.34409718599783534,-0.22706750783397267,-0.29606389199543148,-0.76202782719246687,-0.54528532226636506,-0.10807486328567946,0.12991042581090725,0.32698968368190212,0.62421800449822262],"y":[0.20139084002016125,0.73217141598615287,0.65892707535190731,0.065588364033544483,-0.18338284194191964,-0.61342401589953965,-0.65947105606451761,-0.43973803416178014,-0.3870865559218451,-0.18338284194191989]}