{"s":[0.3,0.1,0.7,0.8,0.6,0.9,1,0.2,0.4,0.5],"r":[0.63830661366749053,0.44100863742388763,0.78141560373216745,0.72360210125938107,0.46751474566055362,0.68921362014360865,0.85325559247598071,0.40056859843345238,0.64803481844065869,0.78799565063304067],"or":[0.44,0.28,0.76,0.84000000000000008,0.67999999999999994,0.92000000000000015,1,0.36000000000000004,0.52,0.60000000000000009],"d":[0.54219614305283981,0.8691695619513764,1.6066004606628355,2.2607656449426843,2.9744129502358847,-2.4335270083900542,-1.6884017823919573,-0.69092072756796241,-0.34560054833257092,0.098886763770100347],"x":[0.5467590819022643,0.2846538993406954,-0.027971931617549378,-0.46058251958679919,-0.46099665086171882,-0.52354136967986586,-0.10011635414637529,0.30870204018363723,0.60971793199533075,0.78414604514226716],"y":[0.32937795829267635,0.33683939180655703,0.780914794838522,0.55808936882731186,0.077795406704577616,-0.4482408375250837,-0.84736168294534919,-0.25526114556939616,-0.21952942699044853,0.0777954067045774]}