{"s":[0.9,0.3,0.6,0.2,0.7,0.4,0.8,0.1,0.5,1],"r":[0.79306457543494591,0.39221535113004458,0.71415682413444526,0.4719217171678427,0.90425451473806151,0.65504285485318292,0.92021032302616512,0.29914517761550924,0.51289557442055833,0.85997813599902451],"or":[0.92000000000000015,0.44,0.67999999999999994,0.36000000000000004,0.76,0.52,0.84000000000000008,0.28,0.60000000000000009,1],"d":[0.70627253734490636,1.5864779985090325,2.0876808539291303,2.738990449086907,-3.1116121953298497,-2.6076982288938444,-2.023448534546171,-1.7580476057836296,-0.83572783821546137,-0.031524515245123619],"x":[0.60335265455094089,-0.006150340293787887,-0.35291777990937556,-0.434188994712357,-0.90384816059320872,-0.56388170087026923,-0.40245598556874546,-0.055688545953157642,0.34396724223511632,0.85955085037472712],"y":[0.51470087920669416,0.39216712633306577,0.62086150636163173,0.18490544612130322,-0.027105903719305206,-0.33334452015573968,-0.82753623381928654,-0.29391601375263243,-0.38045815345365291,-0.027105903719305546]}