{"s":[0.9,0.1,0.5,0.6,0.3,0.2,0.7,0.8,1,0.4],"r":[0.90730888281085054,0.39911606433141783,0.76494498074199635,0.85585273804817019,0.57854535752628344,0.42259194743141137,0.68636163178515286,0.67312763295036626,0.81296751485083052,0.41173294857220655],"or":[0.92000000000000015,0.28,0.60000000000000009,0.67999999999999994,0.44,0.36000000000000004,0.76,0.84000000000000008,1,0.52],"d":[0.82991719106640671,1.6724524302775454,1.9886511686589421,2.4745867021010683,2.9100924583603041,-2.9576653264531645,-2.122057761454355,-1.3745390323532938,-0.58758919112802577,0.32825752065339775],"x":[0.612376213011965,-0.040502740768793621,-0.31041528223175052,-0.67242416433328289,-0.56311167003848217,-0.41546408886423347,-0.35949028977047004,0.13125978561672424,0.67661623187922726,0.3897486923111822],"y":[0.66948097998718237,0.39705561423762331,0.69913029981496,0.52946166286638352,0.13274026435745395,-0.077288711323744153,-0.58468711388872019,-0.66020578528305451,-0.45067355697920763,0.13274026435745376]}