{"s":[0.8,0.1,0.7,0.5,0.4,0.6,0.2,0.9,0.3,1],"r":[0.76263421000488885,0.26204046822964278,0.809395834766331,0.70321722199240777,0.64588887857129362,0.796641896899273,0.42751321443856743,0.92387315172234541,0.37278886136319944,0.90931814827367874],"or":[0.84000000000000008,0.28,0.76,0.60000000000000009,0.52,0.67999999999999994,0.36000000000000004,0.92000000000000015,0.44,1],"d":[0.703778986811867,1.6674291316673371,2.0235517292167455,2.6219709024749012,-3.123609261055678,-2.5855075223668069,-2.132237302239635,-1.3779688392869904,-0.83441308606632292,-0.012773266475487191],"x":[0.58143403129310112,-0.025282315242816406,-0.35406613982823065,-0.61039751477492676,-0.64578444037696547,-0.67661037844537275,-0.22761082267999452,0.17704619219436146,0.25036971294087113,0.90924396877338665],"y":[0.49350319707579809,0.26081796626377807,0.72784530359426081,0.34918381300299767,-0.011614647179003497,-0.42051956871860474,-0.36188515017686568,-0.90675037706242889,-0.27620018464580454,-0.011614647179003812]}