{"s":[0.6,0.4,0.5,0.3,0.7,0.8,0.2,1,0.9,0.1],"r":[0.76571998208588521,0.64650365301503765,0.72892675338655744,0.53168568620008261,0.7811430101469633,0.78284150428532273,0.24686066300806558,0.88760953325237757,0.85668419342753244,0.30682471656523],"or":[0.67999999999999994,0.52,0.60000000000000009,0.44,0.76,0.84000000000000008,0.36000000000000004,1,0.92000000000000015,0.28],"d":[0.76629452765473649,1.3229195093097645,1.8355051044760029,2.3219209204923068,2.9775270526096871,-2.6482137864928963,-2.0592975373763043,-1.2160324983358615,-0.51000619795213287,0.42884664620522633],"x":[0.55168994885133726,0.15861723087852142,-0.19070779483667619,-0.36285484159198111,-0.77065335462027,-0.68947798103602342,-0.11585243218341965,0.30832795618503445,0.74766383251776269,0.27904049416052579],"y":[0.53100404075865293,0.6267436058151834,0.70353731158425381,0.38862067989661986,0.12758451831622575,-0.37075724470089044,-0.21798715764459123,-0.83233680379715458,-0.41821836498823528,0.12758451831622561]}