{"s":[0.7,0.6,0.1,0.9,0.8,0.5,0.2,0.3,1,0.4],"r":[0.76248221721981968,0.66216926997037051,0.24852897894448875,0.89091504450901549,0.82377726126880935,0.60361651402903982,0.38269508577938161,0.47408625673035432,1.0354011450000633,0.54179870462799284],"or":[0.76,0.67999999999999994,0.28,0.92000000000000015,0.84000000000000008,0.60000000000000009,0.36000000000000004,0.44,1,0.52],"d":[0.58370262639066151,1.2157197694361366,1.8454347695388176,2.5258438990919321,-3.1076707235086949,-2.4569046160375212,-1.814117785745976,-1.2359230771042082,-0.63913417085016788,-0.051589552461297261],"x":[0.63623635367748133,0.23021119070817686,-0.067400797488454053,-0.72729067229939015,-0.82330334756387091,-0.46757123877998608,-0.092201796504840033,0.15580819365901905,0.8310259288170343,0.54107787079394309],"y":[0.42021712701368469,0.62086306845053751,0.23921493655938489,0.5145657339143388,-0.027938755764422039,-0.38174603164187482,-0.3714220744664597,-0.44775170084469029,-0.61761754889351028,-0.027938755764422271]}