{"s":[0.8,0.2,0.1,0.5,1,0.9,0.3,0.7,0.6,0.4],"r":[0.96513591280867694,0.47906525734914762,0.35338228564345159,0.57253241628201046,0.87928889192725013,0.76293002691656375,0.32068087699566078,0.70464845798909648,0.71397411785978881,0.6244608569912744],"or":[0.84000000000000008,0.36000000000000004,0.28,0.60000000000000009,1,0.92000000000000015,0.44,0.76,0.67999999999999994,0.52],"d":[0.63948771906573132,1.1019845789293037,1.5076859806510776,2.2719255097281961,3.0376451860480866,-2.5274037533402063,-1.6527591953714624,-1.0708247946221532,-0.43546238210943827,0.14662742563297612],"x":[0.77442658565872313,0.21645440627689888,0.022287276766021269,-0.36932973959560755,-0.87454277609360309,-0.62349781187434783,-0.02625450561169819,0.33780886222119721,0.64734254951935288,0.61776004537775964],"y":[0.57597811904447416,0.42737689549427005,0.35267877324974461,0.43748018371574038,0.0912353453939058,-0.43967340669957411,-0.31960432695098395,-0.6183968159290858,-0.30117547137084033,0.091235345393905556]}