{"s":[1,0.6,0.1,0.4,0.8,0.2,0.9,0.5,0.3,0.7],"r":[0.91162850427361908,0.64337223347414629,0.31541236118020322,0.59733397773192032,0.9388800026872397,0.45005073254923916,0.9647551560694575,0.58735454262243836,0.37122618781906314,0.65845787485127016],"or":[1,0.67999999999999994,0.28,0.52,0.84000000000000008,0.36000000000000004,0.92000000000000015,0.60000000000000009,0.44,0.76],"d":[0.682736508454127,1.3998266877154755,2.2041160526892938,2.62790301947481,-3.1292581339698722,-2.623673598867303,-1.9802635935569897,-1.425940537565056,-0.81341749859022006,-0.017587969816041989],"x":[0.7072861655655247,0.1094620205958262,-0.18666858521522298,-0.52024048704497994,-0.93880858281523949,-0.3910271551912427,-0.38408898908925604,0.084784470111572044,0.25503950407744391,0.65835603488934313],"y":[0.57516328968717489,0.6339920321680631,0.254243577852063,0.29352634735614513,-0.011580340169137112,-0.22280804691740957,-0.885001785095938,-0.58120302164313775,-0.26974753730591466,-0.0115803401691374]}