{"s":[0.8,0.4,0.6,0.3,0.9,1,0.5,0.2,0.7,0.1],"r":[1.00156671413706,0.62462041284637637,0.68726886177005131,0.35286190417087254,0.76211961222838276,0.85569391669344708,0.54014689502231361,0.41549588705751167,0.88673202260294948,0.44792696365343287],"or":[0.84000000000000008,0.52,0.67999999999999994,0.44,0.92000000000000015,1,0.60000000000000009,0.36000000000000004,0.76,0.28],"d":[0.5596101063214034,1.0207914674696443,1.6389174433468277,2.1514805056637236,3.0960552780648753,-2.4328292847027861,-1.6113463859791626,-0.84197961450018677,-0.48699851883201323,0.077529858521598272],"x":[0.84878988368560981,0.32648370033154017,-0.046781321288864114,-0.19357866395565204,-0.761329563120329,-0.64961490354870421,-0.021896986514170685,0.27671503078215287,0.78364184945803084,0.44658142046622828],"y":[0.53168751745764786,0.53250263244626572,0.68567484738553008,0.29502343004622328,0.034692933893656283,-0.5569672846349053,-0.5397028721285857,-0.30994454971968888,-0.41496883218805075,0.0346929338936561]}