{"s":[0.2,0.5,1,0.8,0.3,0.4,0.9,0.7,0.6,0.1],"r":[0.42070160263238515,0.609081197912986,0.93905134764569287,0.73977059677832147,0.33735236807906904,0.43838537911602204,0.87229253929802486,0.77234638219098173,0.73438994317501893,0.35954785270896084],"or":[0.36000000000000004,0.60000000000000009,1,0.84000000000000008,0.44,0.52,0.92000000000000015,0.76,0.67999999999999994,0.28],"d":[0.4940550107864547,1.1152549593415713,1.7969287610138849,2.4486818871268321,-3.1259006188693292,-2.3844573858066531,-1.7864041705807439,-1.1495438990654836,-0.56325238060793659,-0.014723267113650884],"x":[0.37039293402891815,0.26796438295247355,-0.21054480505217071,-0.569172054565036,-0.33731083411561347,-0.3186213909399816,-0.18661934565193877,0.31581530175293776,0.62094359765397245,0.35950888299295169],"y":[0.19949664879116832,0.54696891604552644,0.91514387862277446,0.47255021760652022,-0.0052935278203454913,-0.3011015607036433,-0.85209594174801606,-0.70482595671711679,-0.3921194169754274,-0.00529352782034561]}