{"s":[0.7,0.5,0.3,0.9,0.8,0.6,0.1,1,0.4,0.2],"r":[0.84459042229100256,0.62615101820945607,0.3994022057041427,0.82640252461293384,0.73774926253648732,0.61628236987981388,0.29247043260774253,1.0680062763182689,0.62765143643471888,0.472503296716381],"or":[0.76,0.60000000000000009,0.44,0.92000000000000015,0.84000000000000008,0.67999999999999994,0.28,1,0.52,0.36000000000000004],"d":[0.52990395192044415,1.0784383680170901,1.6406738260151139,2.4584172778674787,-3.1100261383255061,-2.3782081884893982,-1.4957102359056531,-1.1660651155164909,-0.55606417277230424,-0.04929857701309745],"x":[0.72875959419616421,0.29598476867002582,-0.027886520031120715,-0.64093478101894807,-0.73738172981697281,-0.44526415598821767,0.021939832076747906,0.42055064893969729,0.5330889691654338,0.47192923887230009],"y":[0.42689862414013013,0.55177723251334854,0.39842748891346369,0.52167397785094083,-0.023284305986219979,-0.4260795592571649,-0.29164635728601884,-0.98172020348550126,-0.33130420554635454,-0.023284305986220173]}