{"s":[0.8,1,0.7,0.1,0.4,0.3,0.6,0.5,0.2,0.9],"r":[0.60054234975300125,0.78416592675579289,0.6703013868296972,0.37652362860934285,0.679222887631481,0.64505003862419552,0.86102332197860609,0.70836660610327584,0.38075537010956667,0.75352392486561015],"or":[0.84000000000000008,1,0.76,0.28,0.52,0.44,0.67999999999999994,0.60000000000000009,0.36000000000000004,0.92000000000000015],"d":[0.57462710997514233,1.3861400319047712,2.1818280449309317,3.1242596152711797,-2.9137582833544395,-2.4632905496353956,-2.0028422240921619,-1.5371111962506405,-1.2315409028657609,-0.20503016568723723],"x":[0.50409226647430683,0.14397967263975348,-0.38456048600711595,-0.37646706973454419,-0.66167029179272485,-0.50226126062152288,-0.36053593334134926,0.023856909310919383,0.12670969381337066,0.73774124820528764],"y":[0.32640787479417915,0.77083464799613211,0.54901473731384121,0.0065259717002285611,-0.15341497984674668,-0.40475076084913642,-0.78190472677990419,-0.70796475655247426,-0.35905334612142936,-0.15341497984674696]}