{"s":[0.4,0.5,1,0.6,0.1,0.3,0.7,0.9,0.8,0.2],"r":[0.50523933804223731,0.60784492218163244,1.0126848370204138,0.70285156187811659,0.30119527883087327,0.43249973888539156,0.71703764270604919,0.8552255501307966,0.77586840191457129,0.32487201537326776],"or":[0.52,0.60000000000000009,1,0.67999999999999994,0.28,0.44,0.76,0.92000000000000015,0.84000000000000008,0.36000000000000004],"d":[0.71284750441669587,1.3157540623629678,1.9002146335107351,2.4977493385733087,3.0314525096136573,-2.6120625837437466,-1.9350618511939812,-1.2747057931044288,-0.614254882499943,0.10208399352566298],"x":[0.38221492562509585,0.15335095012836647,-0.32759611888517964,-0.562136904475233,-0.29937024731045908,-0.37326653845516733,-0.25545405853314795,0.24954036393107557,0.63404208031851683,0.3231807162523882],"y":[0.33042175977795507,0.58818273990038339,0.95823345903930379,0.42190332857363266,0.033106661192002854,-0.21846765299611057,-0.66998970517194589,-0.8180099928275143,-0.44717157498530485,0.033106661192002736]}