{"s":[0.6,0.4,1,0.7,0.1,0.8,0.3,0.9,0.2,0.5],"r":[0.67080021329091288,0.45694454046518651,0.92695288021750233,0.70287808478460745,0.27371243013228769,0.89448723217666215,0.5310944494283546,1.0366552605828541,0.44857646507513649,0.64849142508056357],"or":[0.67999999999999994,0.52,1,0.76,0.28,0.84000000000000008,0.44,0.92000000000000015,0.36000000000000004,0.60000000000000009],"d":[0.49272182999006797,1.1354130891747756,1.8863278423863372,2.5949083792870122,-2.80087019557715,-2.4117233577195778,-1.7807231969561086,-1.2578640954111486,-0.75644011588019688,-0.14151609525217437],"x":[0.59100760772842631,0.19271997762979637,-0.28765367753580928,-0.6004356563465415,-0.25797765753242674,-0.66662694879515094,-0.11067390984321783,0.31913409741021875,0.326242437933989,0.64200864930311941],"y":[0.31730574176692217,0.4143154876218258,0.88119067399947437,0.36539653071447709,-0.091465964287293353,-0.5964192482366184,-0.51943488513347114,-0.98631007151111982,-0.30787451455129,-0.091465964287293547]}