{"s":[0.4,1,0.9,0.7,0.1,0.6,0.2,0.5,0.8,0.3],"r":[0.40687168338155649,0.80643288747344366,0.74747557138301246,0.683436628400308,0.35201073868092281,0.80826882263841549,0.53565604582037929,0.75949542750603583,0.92726562479079888,0.44586366273324313],"or":[0.52,1,0.92000000000000015,0.76,0.28,0.67999999999999994,0.36000000000000004,0.60000000000000009,0.84000000000000008,0.44],"d":[0.30097130210303058,1.2181815091937254,1.9930713694831061,2.7518501666612103,-2.602620835307496,-2.3507039470881534,-1.8270424647499557,-1.3630352479697494,-0.80338942763526489,-0.41721452875487469],"x":[0.38858239398670058,0.27850395305204406,-0.30634293072873253,-0.6321836193149879,-0.30210858863387269,-0.56838574348363236,-0.13576258962600615,0.15666085226438217,0.64377389731212264,0.40761801349494448],"y":[0.12061629169107357,0.75681540030124961,0.68181649921873544,0.25967190165472914,-0.18067086323017997,-0.57466175812720377,-0.5181659181014947,-0.743162621349038,-0.66736549810297441,-0.18067086323018011]}