{"s":[0.3,0.2,0.7,1,0.9,0.6,0.1,0.4,0.8,0.5],"r":[0.53468210541421135,0.37708444897664134,0.63937013239855622,0.80220814011599673,0.73260970368298639,0.58235694849216979,0.32675727061620347,0.62242551625107634,0.97442470630269651,0.73848083204869519],"or":[0.44,0.36000000000000004,0.76,1,0.92000000000000015,0.67999999999999994,0.28,0.52,0.84000000000000008,0.60000000000000009],"d":[0.35917203314743884,0.793220202387433,1.6793109283755852,2.4600355081456105,-3.0575648079119166,-2.2666413126835492,-1.3429498778974152,-1.0453103512105693,-0.58449580747851115,-0.0833582429890264],"x":[0.500563064066815,0.26454517477555661,-0.069244910282041827,-0.62298894880412792,-0.73002486419374268,-0.37331072372169616,0.073807983314071693,0.31222947264092771,0.81266084541985484,0.73591661464730662],"y":[0.18794034357267569,0.26871645309319531,0.63560939939823047,0.50539357904141835,-0.061487198581336285,-0.44696612736480951,-0.31831226099486104,-0.53844802877788223,-0.53766705178445062,-0.061487198581336534]}