{"s":[0.8,0.9,0.2,1,0.1,0.4,0.3,0.7,0.5,0.6],"r":[0.69194684900884151,0.81575492325201426,0.36015822593123015,1.0850397971436312,0.42952266713309389,0.6899370187123316,0.58150587349855742,0.828418551213446,0.5713828374941744,0.56176643191331976],"or":[0.84000000000000008,0.92000000000000015,0.36000000000000004,1,0.28,0.52,0.44,0.76,0.60000000000000009,0.67999999999999994],"d":[0.64134552259006994,1.3823145310789828,2.3342699827609419,2.6527654105996374,-2.9360430551780103,-2.5263390653537252,-2.0617151998228551,-1.44661225624328,-0.89551849619482737,-0.15669789609571783],"x":[0.55445112309639044,0.15284620111422031,-0.24902604422912439,-0.95796447322952183,-0.42048076677039486,-0.5634212741879796,-0.27414305956308349,0.10261217044630203,0.35717952357561927,0.55488366138075751],"y":[0.41397390491480968,0.80130776460411957,0.26019219242999048,0.50952470932779781,-0.087667818253378174,-0.39820793259558968,-0.512830053533051,-0.82203895191826759,-0.445983334802084,-0.087667818253378382]}