{"s":[0.3,0.4,0.9,0.8,1,0.6,0.5,0.1,0.7,0.2],"r":[0.59200135200799786,0.54136552911568958,0.75462209660362578,0.57855017514714324,0.75089133829858923,0.57391644697881006,0.65177796826303236,0.47105619275828781,0.97857428757073062,0.5833393354414409],"or":[0.44,0.52,0.92000000000000015,0.84000000000000008,1,0.67999999999999994,0.60000000000000009,0.28,0.76,0.36000000000000004],"d":[0.26444039463648195,0.78779781792777415,1.6371329655282119,2.4182595516721559,-3.0129998128662541,-2.1373674450507503,-1.5002280112407289,-0.85279381274107358,-0.57219929132416525,-0.1658316384445899],"x":[0.57142274304096019,0.3818835399432593,-0.05002238689238131,-0.43368338709080206,-0.744691474695433,-0.30804512082433183,0.045956707959983162,0.30989921880398585,0.82269927557390066,0.57533674558946279],"y":[0.15473089386041222,0.38372072922258926,0.75296232939772012,0.38293475282904227,-0.096293351005080574,-0.48423991125175148,-0.6501557512677768,-0.35476247112767229,-0.52988068304547775,-0.096293351005080782]}