{"s":[0.4,0.6,0.1,0.2,1,0.5,0.9,0.8,0.3,0.7],"r":[0.65210777968302824,0.83903960486060913,0.42362110938281344,0.44259536497349028,0.966289111102563,0.48226191386536338,0.75490652054885909,0.70707204297089565,0.40994928413209958,0.81475175757762264],"or":[0.52,0.67999999999999994,0.28,0.36000000000000004,1,0.60000000000000009,0.92000000000000015,0.84000000000000008,0.44,0.76],"d":[0.78423000866305448,1.265871748024723,1.6739541166040748,2.1643806914005177,2.9793426477260554,-2.7248165829745226,-1.895219503633939,-1.1308261400092678,-0.25029766032346079,0.19277584146432949],"x":[0.46164816597859687,0.2518975055838919,-0.043622353105527013,-0.24755944888757911,-0.9535981770503752,-0.44097970748744542,-0.2406355922318065,0.30115081536546157,0.39717474644530809,0.79965946721979275],"y":[0.46057087095443494,0.800334370875861,0.42136911921053533,0.36688550852070345,0.15609344304480735,-0.19522666608168629,-0.71552663578544218,-0.639733585452377,-0.1015413036479548,0.15609344304480705]}