{"s":[0.5,0.8,0.9,1,0.3,0.4,0.6,0.7,0.2,0.1],"r":[0.59046635047132534,0.70027591759620345,0.7064090002929484,0.7978018789620116,0.36809068090524844,0.55319539690812913,0.79356911900735116,0.91747394927615844,0.52423087469178131,0.39871925673210762],"or":[0.60000000000000009,0.84000000000000008,0.92000000000000015,1,0.44,0.52,0.67999999999999994,0.76,0.36000000000000004,0.28],"d":[0.30756465216520484,1.0560935250484202,1.8289440070767826,2.6080622343852267,-2.68671224842844,-2.1700510992465922,-1.7082539767380363,-1.2135201336477497,-0.7728588654848354,-0.41764038808329229],"x":[0.56275793102684912,0.34472915212719657,-0.18033918806641713,-0.68692094264894465,-0.33066085702645343,-0.3120172805462067,-0.10873895985819716,0.32086240939112304,0.37530609997547992,0.36444876003244076],"y":[0.1787568798824429,0.60954751450470934,0.68300179570951947,0.40574309190126878,-0.16172243814579582,-0.45680451377026943,-0.78608382838668089,-0.85953810959149113,-0.36601002896273921,-0.16172243814579593]}