{"s":[0.6,0.4,0.7,0.3,0.9,0.1,0.5,1,0.8,0.2],"r":[0.71148833382468246,0.60818575017195664,0.87869802711785427,0.54762168426203417,0.98899713297544922,0.29049870085702184,0.536975531057553,0.9033822953401337,0.75172605677736082,0.3264747181157886],"or":[0.67999999999999994,0.52,0.76,0.44,0.92000000000000015,0.28,0.60000000000000009,1,0.84000000000000008,0.36000000000000004],"d":[0.78355925796023462,1.3892728936595231,1.9078677317318136,2.4257698225318149,3.042779307220032,-2.9016542393120135,-2.0353064671471373,-1.2789230382371533,-0.56461113257675077,0.30348796490843405],"x":[0.5040225244921166,0.10979466972934171,-0.2906071583900548,-0.4132098712852853,-0.98417273808540529,-0.28217667188851364,-0.24055692987513044,0.25994535527411528,0.63505572388888831,0.311554796024149],"y":[0.50217222540998474,0.59819314373473931,0.82925129023310362,0.35937043749644326,0.097567159654950442,-0.069034926244181477,-0.48007820659096023,-0.86517511742156716,-0.4022390980424454,0.097567159654950247]}