{"s":[0.9,0.7,0.8,0.3,1,0.2,0.1,0.4,0.6,0.5],"r":[0.76909020701477315,0.58185842710503521,0.71121649420461541,0.43077081666830952,1.0688897677710505,0.51117070919135155,0.44838957448865369,0.654153100046708,0.73134518213743283,0.55031226605754779],"or":[0.92000000000000015,0.76,0.84000000000000008,0.44,1,0.36000000000000004,0.28,0.52,0.67999999999999994,0.60000000000000009],"d":[0.51311262723503015,1.2822092117758899,2.0437747772448862,2.91168575314045,-2.9933033167892842,-2.33944833254594,-1.9181420925872381,-1.4294442338771505,-0.85886536906481026,-0.29106526942176786],"x":[0.67004736123091613,0.16559577475439877,-0.3239873943556919,-0.41943620926167313,-1.0571589904979122,-0.355348940409168,-0.15263328516716024,0.092158299387885029,0.47778555467340011,0.52716542538211641],"y":[0.37753977304849978,0.55779679864323,0.63313590162564082,0.0981670150981494,-0.15792467968967167,-0.36745424815243449,-0.42161154012810925,-0.64762884907534146,-0.55370275345266817,-0.15792467968967192]}