{"s":[1,0.8,0.3,0.4,0.9,0.7,0.1,0.2,0.5,0.6],"r":[0.87122940500994883,0.69259665099599221,0.33929875177195978,0.48633863698251123,0.943284648458051,0.84333797127857857,0.39506655733969515,0.45277401600401956,0.62729069057544307,0.628276415397294],"or":[1,0.84000000000000008,0.44,0.52,0.92000000000000015,0.76,0.28,0.36000000000000004,0.60000000000000009,0.67999999999999994],"d":[0.54978516089575413,1.2638200267683928,2.1120726720137668,2.759711460154902,-3.018767579315877,-2.4321378229043398,-1.8975483726550342,-1.4261852777238377,-0.81859957845773335,-0.18499781365806667],"x":[0.74284224850370406,0.20928724592072989,-0.174816999345345,-0.45130534007532641,-0.93617839337660735,-0.6398549593246472,-0.12680396868708574,0.0652481539459517,0.42859288308816973,0.61755591678248034],"y":[0.455220902411072,0.66021888011914664,0.29079659505210792,0.18124226836337276,-0.11556791852163478,-0.54936742243049208,-0.37416351806856213,-0.44804797508196992,-0.45804121108125923,-0.11556791852163506]}