{"s":[0.1,0.9,0.5,0.6,0.7,0.2,0.4,1,0.3,0.8],"r":[0.29018599755093943,0.93834497544238415,0.60153106249234867,0.68318390561773257,0.77159004963488875,0.37009461080541706,0.54541489973817847,1.0467798239889223,0.47062763450083039,0.87689278075069454],"or":[0.28,0.92000000000000015,0.60000000000000009,0.67999999999999994,0.76,0.36000000000000004,0.52,1,0.44,0.84000000000000008],"d":[0.566793686609271,1.2405060188063506,1.8739037438827721,2.5196843101479978,-3.1237924147001368,-2.4650450885157378,-1.8572009969323207,-1.2502862135930206,-0.63762391286724029,-0.015662488913677511],"x":[0.24480870602344537,0.30432184519362315,-0.17954944529175743,-0.5552701264003439,-0.771467814285779,-0.28857718225908091,-0.15408253526621118,0.32978875521916917,0.37815517809407684,0.87678522610499832],"y":[0.15580953317996984,0.88762576994807729,0.57410941103468782,0.39801424047695211,-0.013733761927917655,-0.23171799849520178,-0.52319784516217582,-0.99347238353226019,-0.28015893995459834,-0.013733761927917962]}