{"s":[0.7,0.9,0.1,0.3,0.8,0.5,0.4,0.6,1,0.2],"r":[0.7409196814990362,0.943216193208252,0.33462612831762589,0.51041139187632578,0.906478696209126,0.63638384847775153,0.51588590829522007,0.6385314116594919,0.942290232518873,0.30634337568350389],"or":[0.76,0.92000000000000015,0.28,0.44,0.84000000000000008,0.60000000000000009,0.52,0.67999999999999994,1,0.36000000000000004],"d":[0.71039969036210782,1.326387815674948,2.0217035195620494,2.5290915566036736,3.1056718319182077,-2.6088766691159124,-2.0127278657504339,-1.3281383803543771,-0.63688612508532183,0.10646890352945473],"x":[0.56169216169740244,0.2282417718693702,-0.14582412178970533,-0.41762506193416093,-0.90589394189740424,-0.54820069175170283,-0.2206373005215205,0.15342859313755491,0.757555606423715,0.30460871804757172],"y":[0.48318101154777621,0.91518439710486588,0.30118096098044683,0.29344351518071826,0.032554457676013629,-0.32320334801222017,-0.46632333417507688,-0.61982419320618176,-0.56037521847104288,0.032554457676013435]}