{"s":[0.4,0.5,0.6,0.1,0.2,1,0.9,0.7,0.8,0.3],"r":[0.65487968030625276,0.77967196104301784,0.84853429946326642,0.41234384312228534,0.386972365546339,0.85266493061988236,0.69948107192533748,0.55954444078869736,0.73383100334562212,0.48835576924788765],"or":[0.52,0.60000000000000009,0.67999999999999994,0.28,0.36000000000000004,1,0.92000000000000015,0.76,0.84000000000000008,0.44],"d":[0.86076333125855409,1.3135716144067562,1.79163585856143,2.0821790998238852,2.5992775068272032,-2.6911336708159443,-1.9484256415290775,-1.1148508887276709,-0.39130444727571029,0.42132831624511785],"x":[0.4268890781110547,0.19834664071263669,-0.18587045653358944,-0.2017943091698477,-0.33144805497334184,-0.76760935772265981,-0.25791116226725713,0.2463737778684148,0.67836243302341559,0.44564734803068018],"y":[0.496621697741363,0.75402054146732456,0.82792670614832287,0.359592132488351,0.1997243063598369,-0.37123221552771324,-0.65019658747164444,-0.5023842581096476,-0.2798791720257055,0.19972430635983673]}