{"s":[0.5,0.2,0.4,0.8,1,0.9,0.1,0.3,0.7,0.6],"r":[0.71573179485700777,0.42553823184460077,0.48050844506623375,0.694606805528492,0.813318815833101,0.77088667521632182,0.2680970110704794,0.49810662169097564,0.869417722611977,0.81714519154004606],"or":[0.60000000000000009,0.36000000000000004,0.52,0.84000000000000008,1,0.92000000000000015,0.28,0.44,0.76,0.67999999999999994],"d":[0.49947772547112856,0.89807086271601844,1.5682060214651004,2.3792236168575016,3.1409290889876669,-2.3936974539535907,-1.2941642279931465,-0.95144657148394951,-0.52133762479253631,0.00066045738462056308],"x":[0.62829286981806964,0.265161364217331,0.0012446621943849323,-0.50234096015532281,-0.813318636773658,-0.56515395070940033,0.073221944564279245,0.28915379167396238,0.75391885092622424,0.81714501331906964],"y":[0.3428120066523459,0.33282463503748205,0.48050683303777447,0.47972093349855466,0.00053968953682430115,-0.52427786337364235,-0.25790415696368751,-0.40558635496397988,-0.43300524547617009,0.00053968953682402066]}