{"s":[0.9,0.2,0.6,1,0.1,0.8,0.7,0.4,0.5,0.3],"r":[0.99569734500854346,0.39161596233984908,0.683507165690041,0.9831870878572988,0.2300936230775007,0.82069162397645157,0.76949698614169892,0.55891913247447045,0.66812626623346871,0.51239568850777151],"or":[0.92000000000000015,0.36000000000000004,0.67999999999999994,1,0.28,0.84000000000000008,0.76,0.52,0.60000000000000009,0.44],"d":[0.59212294451731762,1.1121703785680208,1.8041208887415583,2.4797829234259114,-3.1332390068921869,-2.469355597290785,-1.8116227079280338,-1.1577300233552632,-0.57902351219206138,-0.0037512083536614927],"x":[0.826187522883847,0.17337483477403895,-0.15803592816952569,-0.775617969344682,-0.23008559476500676,-0.64213417832563813,-0.18352906378056932,0.22436110599612569,0.55921994084575866,0.512392083407608],"y":[0.55572239462533368,0.35114701853559965,0.664986233659938,0.60421322011269152,-0.0019220984792809406,-0.51107576609653771,-0.74729023439958442,-0.51191082305633073,-0.36560328963446453,-0.0019220984792810872]}