{"s":[0.5,0.3,0.2,0.6,0.7,0.4,0.8,0.1,0.9,1],"r":[0.55598499570157156,0.46894375985884407,0.44453664241848817,0.78743786246340686,0.85744135960835333,0.57674761834088284,0.82594388688428366,0.21461287356776582,0.80592691208899081,0.89781202128514626],"or":[0.60000000000000009,0.44,0.36000000000000004,0.67999999999999994,0.76,0.52,0.84000000000000008,0.28,0.92000000000000015,1],"d":[0.80831212306293954,1.4937022521720915,2.0628470739789169,2.5350519226739889,3.0821741239795903,-2.6867209951358437,-2.01869453534265,-1.6319177955323445,-0.649596642138996,0.056743800267264013],"x":[0.38402993278123732,0.036116983533024088,-0.21001437477990759,-0.64697848603545716,-0.8559281800893429,-0.51810243368337061,-0.35769318976766673,-0.013109288129562302,0.641782037485411,0.89636699507966777],"y":[0.40204517926884148,0.46755086719096617,0.3917994242447369,0.4488621457064596,0.050917930986704961,-0.25339235085781336,-0.74447221994870316,-0.21421211932509782,-0.48747718304590465,0.050917930986704628]}