{"s":[0.2,0.5,0.1,1,0.8,0.6,0.3,0.4,0.9,0.7],"r":[0.42723584623273592,0.64998115025021264,0.30217286761416778,0.9658891955685448,0.77264370861209286,0.6028380470736453,0.38437625847196438,0.502815061394661,0.940209494315407,0.81376466412235027],"or":[0.36000000000000004,0.60000000000000009,0.28,1,0.84000000000000008,0.67999999999999994,0.44,0.52,0.92000000000000015,0.76],"d":[0.6162320120988557,1.1862540840117846,1.6552689680215094,2.4452998199242351,3.0932269917510831,-2.5047084202650534,-1.7657539636353998,-1.1193840196021494,-0.55848467953802461,0.045919894977090432],"x":[0.34865094227975407,0.243830580485251,-0.025494994511547332,-0.74105448130941465,-0.77174018629192964,-0.48465320517078669,-0.074463280874601662,0.21934643730372372,0.797353175522353,0.81290684783326506],"y":[0.24692709197988288,0.60251318964883671,0.30109541208232571,0.61949995467900165,0.037354856711628671,-0.35850380990618491,-0.377094587442324,-0.4524490318339518,-0.49821863341835487,0.03735485671162838]}