{"s":[0.6,0.2,0.7,0.8,1,0.9,0.3,0.1,0.5,0.4],"r":[0.83387455004436384,0.44155250575983307,0.65116454641010324,0.60474650670528185,0.73590085032530539,0.74892041122933561,0.46124190856565489,0.43689509339866806,0.79914639303006818,0.73411702087539921],"or":[0.67999999999999994,0.36000000000000004,0.76,0.84000000000000008,1,0.92000000000000015,0.44,0.28,0.60000000000000009,0.52],"d":[0.41904417643344055,0.69857713596048177,1.5645395504993218,2.3504630224549854,-3.0783845996530181,-2.2798435839406146,-1.3533285432773128,-0.76799176368994237,-0.50534665718832827,-0.06336184867722465],"x":[0.76172628154258981,0.338122384427045,0.00407416431632146,-0.42516245334986236,-0.73443128278811076,-0.48763028150209675,0.099516512919385208,0.31426179727627895,0.69925845339035564,0.73264387526768671],"y":[0.33929314348950446,0.2839751194949251,0.6511518008011643,0.4300642110589622,-0.046483893680689989,-0.56841753220507107,-0.45037824311755309,-0.30350757059505751,-0.38687539706615615,-0.046483893680690232]}