{"s":[0.1,0.5,0.2,0.4,0.7,0.6,0.9,0.8,0.3,1],"r":[0.44437012051184449,0.79232670832565855,0.53203479328636027,0.61827524017692015,0.73952280214831223,0.55008937132356273,0.73409866642550725,0.69018218076466775,0.41131573628790691,1.0670532822273311],"or":[0.28,0.60000000000000009,0.36000000000000004,0.52,0.76,0.67999999999999994,0.92000000000000015,0.84000000000000008,0.44,1],"d":[0.90530497470122029,1.2721925696121814,1.6928581379841807,2.2234777421011716,2.8897323361987453,-2.7360148587503272,-1.9017450608480762,-1.108929081876199,-0.1843352562910093,0.17358297856650146],"x":[0.27437442519994643,0.233091454590131,-0.064779989994762255,-0.37549021330112137,-0.71619122416804171,-0.50546314100133483,-0.23853833266928351,0.30755931573635409,0.40434735290015988,1.0510178884253811],"y":[0.349547534392549,0.75726480607726,0.52807629577887572,0.49119382358790575,0.18429353033129953,-0.21703762238887783,-0.69426242581250663,-0.61786625571304521,-0.075391333193521287,0.18429353033129919]}