{"s":[0.6,0.3,0.7,0.1,1,0.8,0.9,0.2,0.5,0.4],"r":[0.85845061836625514,0.59078705358951589,0.8332054381602465,0.27870662645484939,0.87230803677875079,0.67427326217304617,0.79668421330370576,0.35372750100847566,0.68135807063667719,0.673331771239347],"or":[0.67999999999999994,0.44,0.76,0.28,1,0.84000000000000008,0.92000000000000015,0.36000000000000004,0.60000000000000009,0.52],"d":[0.62452358370078176,1.0793682770701245,1.6852281814616785,1.8872744408057793,3.0279602419027203,-2.5084425810451019,-1.7538124267861313,-0.77036145178459337,-0.38629975762431606,0.14742880804060682],"x":[0.69641100540118084,0.27878379872090586,-0.095137294382702853,-0.086739499283428417,-0.8666823316706721,-0.543577293682784,-0.14499344012985094,0.25385572584733185,0.63114846334413,0.66602749730144839],"y":[0.50194539118266868,0.520873243946858,0.82775612193287185,0.26486532973173949,0.0989092867160891,-0.39895884233086243,-0.78337898749370083,-0.24633395101817659,-0.25671080546030511,0.098909286716088854]}