{"s":[0.2,0.7,1,0.9,0.8,0.1,0.5,0.4,0.6,0.3],"r":[0.41651937768257408,0.62909714776361447,0.75403861556150231,0.6769703363026135,0.70341891224179653,0.35425612269111723,0.73825158217621745,0.72373278776226646,0.87798296575350554,0.58963871327994788],"or":[0.36000000000000004,0.76,1,0.92000000000000015,0.84000000000000008,0.28,0.60000000000000009,0.52,0.67999999999999994,0.44],"d":[0.048433165945909795,0.95872788712217161,1.7912507882892386,2.6175973102877239,-2.8760238052956248,-1.8132571885879381,-1.6321479819922837,-1.1589961682523111,-0.7086978086299347,-0.31845931822383933],"x":[0.41603094351743863,0.36145508005519633,-0.16488796787525647,-0.5861392304637546,-0.678759407331474,-0.085054143473158039,-0.045264547891062851,0.28968102806467988,0.66657348701273678,0.55999105273207184],"y":[0.02016546605136052,0.514891684169211,0.735789502376784,0.33871763866830312,-0.18461807348810239,-0.34389415979657367,-0.73686261900703443,-0.66323001293784345,-0.57143142595153273,-0.18461807348810261]}