{"s":[0.3,0.8,0.1,0.5,0.2,0.6,0.7,0.4,0.9,1],"r":[0.40936737598741274,0.90785002825695293,0.447382281747437,0.79513336802304846,0.53571766848735825,0.77520808340984859,0.73847939063336909,0.39201528755861387,0.72683515198783755,0.84217659534244138],"or":[0.44,0.84000000000000008,0.28,0.60000000000000009,0.36000000000000004,0.67999999999999994,0.76,0.52,0.92000000000000015,1],"d":[1.085167267860236,1.4664311962858523,2.1689117920838643,2.5305443252515549,2.9478966573524721,-2.7483792802069105,-2.1438611724166083,-1.5820751298711087,-0.64721173983359459,0.12275115395912281],"x":[0.19107827313058834,0.094575980061802734,-0.25191474336395564,-0.65125161110493113,-0.52569948433642666,-0.71604621758458642,-0.40041076768928074,-0.0044213694884140675,0.57984591200852043,0.83583966479501326],"y":[0.36203693466309761,0.90291032655602066,0.36971592892032046,0.45618900904878035,0.10311873010247037,-0.29702758603668089,-0.62050223811740846,-0.39199035341639421,-0.43825569761520522,0.10311873010247008]}