{"s":[0.4,1,0.6,0.8,0.3,0.5,0.1,0.9,0.7,0.2],"r":[0.452258151455228,0.90657054553935745,0.60240668024517763,0.809824427125998,0.4719829223787822,0.67539266624101424,0.37443093812901584,1.0020506930663842,0.8008504101084003,0.34979115084953311],"or":[0.52,1,0.67999999999999994,0.84000000000000008,0.44,0.60000000000000009,0.28,0.92000000000000015,0.76,0.36000000000000004],"d":[0.49345495413600371,1.2491969515611625,1.9678765493512664,2.6215045003566217,-2.9461808242425174,-2.4231178546883134,-1.8669408225648083,-1.3064504641082015,-0.73776653415288174,-0.26509371468763177],"x":[0.39830447982316991,0.28655275368963035,-0.23296716503796303,-0.7027456957027437,-0.46300004315641918,-0.508442723551112,-0.10927194629329803,0.26181370994069719,0.59260745197480158,0.33757222954246585],"y":[0.2142217937337236,0.86009166569175532,0.55553587500555723,0.40244762384839283,-0.091645180202613669,-0.44456861166761819,-0.35813149705303704,-0.96724307842543344,-0.538681526724953,-0.091645180202613807]}