{"s":[1,0.9,0.4,0.6,0.2,0.8,0.5,0.7,0.1,0.3],"r":[0.90033855510326377,0.80883096230008167,0.44729829267412491,0.66819137956330454,0.41856218071682189,0.93384173986232044,0.7045183425132302,0.83685755242706983,0.31473835049737103,0.40091239487299174],"or":[1,0.92000000000000015,0.52,0.67999999999999994,0.36000000000000004,0.84000000000000008,0.60000000000000009,0.76,0.28,0.44],"d":[0.57330706970202872,1.2771828530993368,2.0565792731017729,2.6740787677711495,-2.90841821685687,-2.4602381801521274,-1.9085439693099648,-1.3480470796164705,-0.975150182932888,-0.24364310322534402],"x":[0.756385020554978,0.23408614655451709,-0.20884396176114328,-0.5964887373579385,-0.40723496315041596,-0.72533385715916876,-0.23345119000090236,0.1848716900749991,0.17658198144944237,0.3890716700667074],"y":[0.48835562296903912,0.77421650819814825,0.39555020195304819,0.30113270484596044,-0.096715996165581741,-0.58817615623866326,-0.66471545553323175,-0.81618197803127179,-0.26053604952327569,-0.0967159961655819]}