{"s":[0.9,1,0.7,0.6,0.2,0.4,0.1,0.5,0.8,0.3],"r":[0.69083481304000394,0.75188694338008344,0.61316996549854264,0.67865655468930053,0.50479933549912692,0.718877554589986,0.49540403599112609,0.75139941403763588,0.86598856681970737,0.36689730927379793],"or":[0.92000000000000015,1,0.76,0.67999999999999994,0.36000000000000004,0.52,0.28,0.60000000000000009,0.84000000000000008,0.44],"d":[0.49902445608897816,1.3237303884618443,2.1669624722435641,2.8522766826303534,-2.7459923222153244,-2.3890503337180493,-1.9868848200092801,-1.485725608754682,-0.89197208182023979,-0.55884170705644121],"x":[0.60658740043418768,0.1838815081843348,-0.34427906357943039,-0.65045107992500806,-0.46581135348517505,-0.52474723188908867,-0.20023527128022178,0.063845014601660741,0.54373547641622766,0.311081152543325],"y":[0.330612257096605,0.72905525618659328,0.50739465209081036,0.19361846979857686,-0.19453059421250271,-0.49135046669156357,-0.45313463232424966,-0.74868210445196048,-0.67400884975560127,-0.19453059421250288]}