{"s":[0.3,0.1,0.6,0.2,0.8,1,0.7,0.5,0.4,0.9],"r":[0.60555019007598565,0.45169768606043115,0.79258992863833466,0.40286608700159282,0.740008502072799,0.81563658524019966,0.57568265270305485,0.49945695624352382,0.53633453909054141,1.0166839071652678],"or":[0.44,0.28,0.67999999999999994,0.36000000000000004,0.84000000000000008,1,0.76,0.60000000000000009,0.52,0.92000000000000015],"d":[0.73038982624014093,1.1459342680471731,1.7042523829913889,2.0484825034006944,2.9378393125883631,-2.5889953757607853,-1.798163277135354,-0.96742149410348066,-0.28491745662572232,0.1478185972233573],"x":[0.45108304588229764,0.18618757648783285,-0.10546221819681435,-0.18520785019798158,-0.72470068803230958,-0.69424056706220494,-0.12976636775386852,0.28340417471604851,0.51471213549032546,1.0055966742105455],"y":[0.40399890893245155,0.41153977444948769,0.7855421793334384,0.35776966931395537,0.14973809103072233,-0.42812740420048068,-0.56086647824878411,-0.411265516295204,-0.15075196648950345,0.149738091030722]}