{"s":[0.9,0.8,1,0.5,0.6,0.1,0.7,0.4,0.2,0.3],"r":[0.78074276596986514,0.61237299105692455,0.77879072709091224,0.50453035876449515,0.71431004354493866,0.44822222992674748,0.96019090280102559,0.71983686672050262,0.50727072331785372,0.47289945108848241],"or":[0.92000000000000015,0.84000000000000008,1,0.60000000000000009,0.67999999999999994,0.28,0.76,0.52,0.36000000000000004,0.44],"d":[0.40788513183280212,1.1653325961312972,1.9883366887571243,2.8905729488426584,-2.8279512358954753,-2.1225443283824275,-1.8267731521391186,-1.3685191020849377,-1.0034774673989357,-0.48479071075601232],"x":[0.71669201712601782,0.24154742401263396,-0.31581003949266484,-0.48871819519857912,-0.679463437030874,-0.23494762418287449,-0.24311123990501735,0.14461569122910359,0.27259351784853475,0.41840843059434657],"y":[0.30969633385320428,0.56272153160232374,0.71188413071119461,0.12532122165409032,-0.22038211371924846,-0.38171033689347322,-0.92890445948638534,-0.705160560823079,-0.42780411494325188,-0.22038211371924865]}