{"s":[0.8,0.5,0.3,0.2,0.9,0.7,0.4,1,0.1,0.6],"r":[0.89177549076460538,0.65569593322786779,0.48314265838099935,0.37814789595988624,0.91197301842242107,0.726514989803739,0.47657360260601134,0.97420749676493423,0.27611721036838927,0.70809760482559014],"or":[0.84000000000000008,0.60000000000000009,0.44,0.36000000000000004,0.92000000000000015,0.76,0.52,1,0.28,0.67999999999999994],"d":[0.65685926668736472,1.2501757983539683,1.8180446217306017,2.3859124512916785,3.0917755229214632,-2.548309436496202,-1.87606577906408,-1.2234723095770623,-0.45347595506734134,0.0641779875795731],"x":[0.70620946793216144,0.20664619777476778,-0.11824281943694104,-0.27521802010453467,-0.91084160951369308,-0.60236051611676666,-0.14323428229938026,0.3316035120869632,0.2482099735150366,0.70663984408659763],"y":[0.54454725537039139,0.62228169328431637,0.46845006564100511,0.25932773208553861,0.045413089621898967,-0.40618448891245151,-0.45453970021886303,-0.91603458314879715,-0.12096496562759873,0.045413089621898689]}