{"s":[0.4,0.5,0.2,0.7,1,0.6,0.8,0.1,0.3,0.9],"r":[0.63213821467998266,0.6604479008924391,0.35610019541336768,0.66485127810106681,0.86288174788908656,0.56399921780606332,0.78633409501919138,0.32761821836800764,0.53803145079752368,1.0407187411749821],"or":[0.52,0.60000000000000009,0.36000000000000004,0.76,1,0.67999999999999994,0.84000000000000008,0.28,0.44,0.92000000000000015],"d":[0.52935761026527006,1.0781177679384231,1.5193715401671457,2.3794547077440562,3.1227902926838125,-2.4023107165238322,-1.7352524992249869,-0.85755342367590626,-0.46269334001442231,0.015589144868960998],"x":[0.54561849514221172,0.31238365273738383,0.018304306427921413,-0.48092780356115294,-0.8627292256186575,-0.41676865989219258,-0.12873536672680994,0.21435720396756294,0.48145935147325136,1.0405922852535872],"y":[0.31921650993885664,0.58190023483040343,0.3556294441404303,0.45905954924657344,0.016223258105470678,-0.37999868659972658,-0.77572450930943548,-0.24775933103283146,-0.24015564729201008,0.016223258105470335]}