{"s":[0.4,0.7,0.1,0.8,0.9,0.2,1,0.3,0.5,0.6],"r":[0.60154991089969367,0.81991051263662262,0.288815616385665,0.81712784726374532,0.87593929348967359,0.3062372830097061,0.99559528288302945,0.46670739590585797,0.668517179604723,0.77074754420698954],"or":[0.52,0.76,0.28,0.84000000000000008,0.92000000000000015,0.36000000000000004,1,0.44,0.60000000000000009,0.67999999999999994],"d":[0.57816334691646176,1.1797037707724696,1.6337045172878333,2.4481644110606764,3.1253588318252272,-2.4146344034258709,-1.8216182483373198,-1.1021708919337889,-0.54870714662273512,0.018449652701095835],"x":[0.50377866145372863,0.3125488239720664,-0.01815688648192855,-0.62841975655535476,-0.87582387483121016,-0.22882031490509003,-0.24710699371930983,0.21079322075545248,0.57037856839543943,0.770616370671083],"y":[0.32873903870291832,0.75800163678301358,0.28824431953034907,0.52228969772032785,0.014219217799628189,-0.20352527359495742,-0.96444185981008956,-0.41639165634864772,-0.3486882678580146,0.014219217799627901]}