{"s":[0.3,0.5,1,0.2,0.6,0.9,0.8,0.4,0.7,0.1],"r":[0.57659233717475866,0.70302895067931637,1.0258218218360515,0.31995125264130658,0.55471331713498906,0.776124281929699,0.74217148188618332,0.51373147841155009,0.82854343558347565,0.40840707672287108],"or":[0.44,0.60000000000000009,1,0.36000000000000004,0.67999999999999994,0.92000000000000015,0.84000000000000008,0.52,0.76,0.28],"d":[0.590743733779117,1.1152172135409102,1.7493584396443058,2.1109281586879893,3.0258800677204105,-2.4853622851780046,-1.7510404895660767,-0.983314477434158,-0.47652405926765751,0.15746446212186194],"x":[0.47887531076545353,0.30932038956165175,-0.18220106861729168,-0.16453463109073846,-0.55100381895887651,-0.614921590390073,-0.13304892279939756,0.28474431665270444,0.73623928750793022,0.40335429168125209],"y":[0.32114974704635979,0.6313244824135118,1.009511357414939,0.27440327847636187,0.064044169911370907,-0.47354021864360607,-0.73014826759162643,-0.42759876759048465,-0.38004728150361033,0.064044169911370755]}