{"s":[0.5,0.9,0.8,0.4,1,0.1,0.3,0.7,0.6,0.2],"r":[0.54607277504778762,0.8057444493367818,0.718093098075438,0.44821250425329656,0.99927447610039044,0.36324690281001221,0.56043124259384591,0.8858979966031959,0.77053982020613909,0.39241114355880424],"or":[0.60000000000000009,0.92000000000000015,0.84000000000000008,0.52,1,0.28,0.44,0.76,0.67999999999999994,0.36000000000000004],"d":[0.42742189197187236,1.1953392583755416,1.9254941513857433,2.7301545773131823,-3.0142021365440184,-2.20859974136973,-1.7967672932653951,-1.2894938058071574,-0.75381742530662232,-0.32945045728173822],"x":[0.49694668427254995,0.29546471408159819,-0.24939877085823753,-0.41080766660094514,-0.9911771506157826,-0.21628887712805339,-0.1255661606446386,0.2459316699961584,0.56178628076351367,0.37130738062451751],"y":[0.22636136737285834,0.74961638213803283,0.67339286497406614,0.17925264302346589,-0.12695406524758507,-0.29183460047045878,-0.54618340964940248,-0.8510774783052697,-0.52737822221742126,-0.12695406524758526]}