{"s":[0.3,0.6,0.9,0.8,1,0.5,0.7,0.1,0.4,0.2],"r":[0.57764620291262037,0.6527693035176827,0.71802062099355957,0.55600752930503761,0.7522414259130773,0.527152129645065,0.82281045949610776,0.48968547031311216,0.755108533818125,0.58232854224665931],"or":[0.44,0.67999999999999994,0.92000000000000015,0.84000000000000008,1,0.60000000000000009,0.76,0.28,0.52,0.36000000000000004],"d":[0.21365410474042182,0.86371987374628767,1.6435142685873161,2.463165214929512,-2.9724647154925057,-2.0560338428183371,-1.576320688926151,-0.89843251706743255,-0.59142901304269646,-0.21918718355814706],"x":[0.564512060492983,0.42404800129438786,-0.052166977725259855,-0.43288554032722176,-0.74150839229597265,-0.24587349017343346,-0.0045454798232952009,0.30499425653947587,0.6268494105442457,0.56839604511356123],"y":[0.12247966891421189,0.4962771969506512,0.7161230471134058,0.34893334839120993,-0.12661937851048574,-0.46629989772598268,-0.82279790402587438,-0.38310620370036585,-0.42100916183058323,-0.12661937851048594]}