{"s":[0.5,0.1,0.2,0.6,0.8,0.7,1,0.9,0.4,0.3],"r":[0.807820071038995,0.51537513004763835,0.5445316605510907,0.71967079231342845,0.7097281886674156,0.50561685286936475,0.70923606765525249,0.73259274936611141,0.53134054241687212,0.58658474194787125],"or":[0.60000000000000009,0.28,0.36000000000000004,0.67999999999999994,0.84000000000000008,0.76,1,0.92000000000000015,0.52,0.44],"d":[0.75570223625753741,1.1559927938339325,1.535558794323306,2.1587405014706489,2.8296329730974725,-2.7176642148412151,-1.811879576891986,-0.99935543139298111,-0.13880206443124055,0.38047100828973268],"x":[0.58792347379416388,0.20770139940209187,0.019183981422463969,-0.39916654168990884,-0.67547239409031756,-0.46085966765766351,-0.16933343655716404,0.3962188173817196,0.5262303478264091,0.54463796495931627],"y":[0.55400293874243123,0.4716690082653649,0.54419362748870082,0.59882561844359672,0.21783284098368949,-0.20798261617738334,-0.68872489930800884,-0.6162002800846732,-0.073514577073886866,0.21783284098368927]}