{"s":[0.7,0.1,0.3,0.8,1,0.6,0.9,0.4,0.2,0.5],"r":[0.92295060888567193,0.41283465357078586,0.46548226511839674,0.7186676994462915,0.7927081804137911,0.48579913844567219,0.80252391196256545,0.54524331740239529,0.49061646852412027,0.76950827477952488],"or":[0.76,0.28,0.44,0.84000000000000008,1,0.67999999999999994,0.92000000000000015,0.52,0.36000000000000004,0.60000000000000009],"d":[0.5599569498325262,0.86611262900683561,1.461584016122079,2.2997733529321924,3.0719700244944588,-2.3831307206737384,-1.6878557394753326,-0.89827872213115778,-0.31273531800205678,0.071725235672721183],"x":[0.78199572558260333,0.26743135650933492,0.0507353969368268,-0.47870957971872863,-0.79078770502744955,-0.35263904918859545,-0.093728576111512141,0.33966334303350415,0.46681939925727028,0.7675297519196228],"y":[0.49022496021007572,0.31450424598801169,0.46270904317661227,0.53602276118924586,0.055145850907960807,-0.33413545741498418,-0.79703173292649265,-0.42651973995499115,-0.15094425349830443,0.055145850907960543]}