{"s":[1,0.1,0.6,0.8,0.5,0.2,0.7,0.9,0.4,0.3],"r":[1.0494427598469156,0.32659110849400541,0.72571020324794766,0.867949645409598,0.59856958691977791,0.33298234729048387,0.72956550608110626,0.899862005551349,0.51563538257935548,0.46073634531929186],"or":[1,0.28,0.67999999999999994,0.84000000000000008,0.60000000000000009,0.36000000000000004,0.76,0.92000000000000015,0.52,0.44],"d":[0.65273540748298675,1.2596395603053137,1.8518303310935522,2.4673221726178549,3.073919834663176,-2.5902959800648113,-1.886299663724891,-1.2299242961623915,-0.55091930450748816,0.087964031039187734],"x":[0.83370397467896307,0.099989153260141114,-0.20127517050560581,-0.67800981715262032,-0.5971995021516161,-0.28364969754438119,-0.22638053081941822,0.30083203577063894,0.43934385507072393,0.45895498132496859],"y":[0.63739139372885323,0.31090822018348635,0.697239990846851,0.54188492764729779,0.040475980719131222,-0.1744135679643688,-0.69355438354126142,-0.84808709180660746,-0.26992003404592441,0.040475980719131034]}