{"s":[0.6,0.4,0.5,0.9,0.2,0.1,1,0.8,0.3,0.7],"r":[0.685805983161033,0.56097418543875466,0.66049866762884291,0.97937284485063136,0.39825171826938377,0.28475914801926561,0.96384436010762431,0.78128178305822393,0.38276234783413077,0.72799955368487546],"or":[0.67999999999999994,0.52,0.60000000000000009,0.92000000000000015,0.36000000000000004,0.28,1,0.84000000000000008,0.44,0.76],"d":[0.71887230303364158,1.3437299203857849,1.9105976012515802,2.4914275339691621,3.0117844330637173,-2.7328228939214791,-1.9356027440607659,-1.2783142381165997,-0.57239503214257392,0.070871564717555235],"x":[0.51610249506410721,0.12628662371137067,-0.2201440316308918,-0.77956497698009763,-0.39490112168311758,-0.26129798816241567,-0.34386926568169995,0.22526681095201689,0.32175237425747649,0.72617202849424434],"y":[0.45162823331593693,0.54657453782650445,0.62273196102076989,0.59283186140493394,0.051551287063779469,-0.11318627904005013,-0.90041650286453778,-0.74810165647600724,-0.20732203109938147,0.05155128706377924]}