{"s":[0.1,0.9,1,0.7,0.6,0.5,0.8,0.3,0.4,0.2],"r":[0.35774866160401264,0.81733237972143269,0.79541279935337428,0.54207186150905406,0.54015849855336806,0.58746459634768966,0.92370769228304739,0.61082121877014373,0.7000606123405978,0.5071521973774572],"or":[0.28,0.92000000000000015,1,0.76,0.67999999999999994,0.60000000000000009,0.84000000000000008,0.44,0.52,0.36000000000000004],"d":[0.047023340027276858,1.0405993156397975,1.775303116425395,2.5767098726348356,-2.87434109186278,-2.1723163058205577,-1.6941243925882561,-1.1136465524724513,-0.67742498137936358,-0.28511564721283705],"x":[0.35735320854293595,0.4133276930733023,-0.16153581349520887,-0.45786173262989904,-0.52098306102563408,-0.33244404937253991,-0.11363052128116649,0.26961181643117438,0.54547973342897482,0.48667802253748216],"y":[0.016816337994083774,0.70511873970261374,0.77883740429797821,0.290180179945216,-0.14264590314407663,-0.484350705582992,-0.91669188139540281,-0.54809855841858091,-0.4387900652578034,-0.1426459031440768]}