{"s":[0.1,0.6,0.3,0.2,0.9,0.7,1,0.8,0.4,0.5],"r":[0.5004186080702433,0.9010125946743921,0.6213305085849915,0.45317196352181988,0.81277768077249124,0.53521032825879489,0.73813463632969833,0.672939143535953,0.52894940348240738,0.72875841922731288],"or":[0.28,0.67999999999999994,0.44,0.36000000000000004,0.92000000000000015,0.76,1,0.84000000000000008,0.52,0.60000000000000009],"d":[0.84289255995409629,1.211325755204681,1.6034783727135296,1.9591861400269579,2.8761498704243262,-2.7137028581507541,-1.8296365353431718,-0.99726663847834385,-0.16066949766939825,0.2969254716543997],"x":[0.3329315583473097,0.31695703343647574,-0.020302737481567509,-0.1716156092535136,-0.78431131067934645,-0.48695758900402819,-0.18893262294058932,0.36513700071048183,0.52213674619761841,0.69686835721844675],"y":[0.37359785968256254,0.84342274970327258,0.62099871155199571,0.4194197315133934,0.21322130827465469,-0.22208647411823829,-0.71354551735566607,-0.565262825254815,-0.084620858625745976,0.21322130827465444]}