{"s":[1,0.2,0.3,0.4,0.9,0.7,0.8,0.6,0.1,0.5],"r":[1.1058520372838634,0.4640824960186436,0.49907757217387705,0.50800978906714633,0.82916906376884747,0.63450638553871808,0.72757909307602786,0.62857086334797174,0.31863275990995354,0.6827444219205776],"or":[1,0.36000000000000004,0.44,0.52,0.92000000000000015,0.76,0.84000000000000008,0.67999999999999994,0.28,0.60000000000000009],"d":[0.64402132122360223,1.1383332910975013,1.6709507752462083,2.2814369914794153,3.0414812677845386,-2.5406440876198837,-1.8096007556310982,-1.0872043688944015,-0.25326154690016361,0.12167880243921604],"x":[0.88433634335042755,0.19450084952883107,-0.049901315277733935,-0.33138468798608955,-0.82501744667059718,-0.52334064030238181,-0.17210239768101659,0.2922617154514569,0.308468486401551,0.67769638973749025],"y":[0.66397135495024606,0.42135730994425308,0.49657656185176891,0.38504302922713535,0.082870676360431925,-0.35876583936782697,-0.70693146866848444,-0.55649296485345279,-0.079837513644716265,0.082870676360431675]}