{"s":[0.9,0.8,0.4,0.2,0.7,1,0.6,0.1,0.5,0.3],"r":[0.93119301099760232,0.81791234325993145,0.47167728604058184,0.29728095708131669,0.69728961726588279,0.95973152229771341,0.68113508942048551,0.31919963245728455,0.64692207989456851,0.48405548820470062],"or":[0.92000000000000015,0.84000000000000008,0.52,0.36000000000000004,0.76,1,0.67999999999999994,0.28,0.60000000000000009,0.44],"d":[0.572845145868792,1.1875153283761559,1.800531528546244,2.4868160293500075,-3.10279202768046,-2.45945191001508,-1.8019243807541188,-1.13170811190214,-0.61616132710477511,-0.055908015236733027],"x":[0.78253944255372876,0.30587092861800147,-0.10741020554085262,-0.23579849263402217,-0.69676480233802562,-0.74496746022789762,-0.15603151544189439,0.13569634396435559,0.527954958756791,0.48329917762338226],"y":[0.50473007100675127,0.75856679091778956,0.45928478084112551,0.18103877572140908,-0.027048485533453726,-0.60506865568585044,-0.663022756946365,-0.288920244350535,-0.37386058762489205,-0.027048485533453924]}