{"s":[0.4,0.6,0.3,0.7,0.2,0.5,0.9,0.1,0.8,1],"r":[0.46066564157083978,0.69786700124222678,0.52874052165978325,0.89299944503926376,0.48967273455460159,0.6957641917657863,0.94838833693473079,0.23844349354175104,0.735356979039511,0.89429499657063216],"or":[0.52,0.67999999999999994,0.44,0.76,0.36000000000000004,0.60000000000000009,0.92000000000000015,0.28,0.84000000000000008,1],"d":[0.84745236756712783,1.4401143997818997,2.0865597490034982,2.5625492328626072,3.0706558431650328,-2.6577059220602668,-2.019616899354002,-1.7167265899937674,-0.6881685256311072,0.038818751688005089],"x":[0.30491227946284294,0.090939248009706819,-0.26077435271325217,-0.74742847596380435,-0.48844122689196234,-0.61588588153547363,-0.411508753023092,-0.034672752248492866,0.56799746831950459,0.89362127663390556],"y":[0.34531338687726343,0.69191647226688224,0.45996008110709352,0.48867032052177861,0.034706697314147245,-0.32368563679714069,-0.85445946879837686,-0.23590909237227314,-0.46704257044165609,0.034706697314146953]}