{"s":[0.6,0.8,0.9,0.7,1,0.3,0.5,0.4,0.2,0.1],"r":[0.69625150509764566,0.69915213600276782,0.66833545394246863,0.51360763135116438,0.84384356487196155,0.48068069193671809,0.73649243881960813,0.72424467106235269,0.572320114396996,0.44858322847133952],"or":[0.67999999999999994,0.84000000000000008,0.92000000000000015,0.76,1,0.44,0.60000000000000009,0.52,0.36000000000000004,0.28],"d":[0.28776827718431242,0.98208370492009578,1.7737799652504951,2.6491560354328993,-2.9184666504057777,-2.0082856689216877,-1.6246546534089785,-1.1540753136133604,-0.75018728742822938,-0.42932269286393876],"x":[0.66762140284846683,0.38823276801957546,-0.13473148617723157,-0.45258257274210817,-0.82292510124671159,-0.20364835594420266,-0.039647076323266806,0.29314835816561041,0.41868718605056127,0.4078733543048137],"y":[0.19760521452983471,0.58145423475376912,0.65461416546616225,0.24282053832468103,-0.18672503772635807,-0.43540931859801235,-0.7354245180693062,-0.66226458735691318,-0.3901939948031663,-0.18672503772635823]}