{"s":[0.5,1,0.8,0.4,0.9,0.3,0.7,0.6,0.2,0.1],"r":[0.58717357234372136,0.89097923565524706,0.68731287511593,0.3894970207854257,0.84818064332008059,0.47407441819228641,0.85230463213830843,0.80877634219811456,0.48525092449922069,0.36380379534645951],"or":[0.60000000000000009,1,0.84000000000000008,0.52,0.92000000000000015,0.44,0.76,0.67999999999999994,0.36000000000000004,0.28],"d":[0.38734315345565068,1.1423719250434932,1.8496784286992438,2.6740779195761033,-2.9935045063485788,-2.213207077981111,-1.7654812385043479,-1.2266596130524059,-0.75719202902543681,-0.35116891757411511],"x":[0.54367334467194262,0.37014673927516556,-0.18920425397196494,-0.34770051478318814,-0.83889728446531919,-0.284030953393536,-0.16488464556991594,0.27286830566696879,0.352664660502986,0.34160130516277248],"y":[0.22179291772306556,0.8104538171745328,0.66075770035546177,0.17553427363403515,-0.1251469129446626,-0.37956945543432996,-0.83620346783525146,-0.76135540942571578,-0.33331081134529972,-0.12514691294466276]}