{"s":[0.9,0.4,0.5,0.3,0.7,0.6,1,0.1,0.2,0.8],"r":[0.89840402720440182,0.51091093025602685,0.60068407879354935,0.4503105309398488,0.770266721747709,0.6874611894359306,0.99592475399079017,0.27215070933440416,0.34278561954181053,0.81545756244321976],"or":[0.92000000000000015,0.52,0.60000000000000009,0.44,0.76,0.67999999999999994,1,0.28,0.36000000000000004,0.84000000000000008],"d":[0.63999839730122876,1.2887300159166997,1.9116496116319555,2.53447827444909,3.1408342086023286,-2.528538123559803,-1.901417244609181,-1.315582549996033,-0.65617551092428206,0.00071641364920799091],"x":[0.72060691897030538,0.1422074063531156,-0.2008035270032264,-0.36983899493507932,-0.77026650020406762,-0.56227062680073547,-0.32330743177334875,0.068705063491042259,0.27159977795044088,0.81545735317703649],"y":[0.53652163463294866,0.49072093111400761,0.56612658130414573,0.25690210606520708,0.00058420487811077892,-0.39554346059285633,-0.94198642249861408,-0.26333557078737235,-0.2091304415476955,0.00058420487811048272]}