{"s":[0.3,0.6,0.1,0.4,0.9,0.5,0.7,1,0.8,0.2],"r":[0.58864774061801706,0.86618503240448042,0.46752220527688665,0.63359763719881468,0.89753084407485217,0.47124292786150684,0.54259427504222491,0.79529798550974762,0.74240873163268606,0.42756793811104232],"or":[0.44,0.67999999999999994,0.28,0.52,0.92000000000000015,0.60000000000000009,0.76,1,0.84000000000000008,0.36000000000000004],"d":[0.88657769100012263,1.302482746114672,1.6997177948567213,2.2268224257844604,2.9128049897746746,-2.83797709896386,-1.9581823794263216,-1.1481525704760724,-0.38477991312577847,0.49619361899475928],"x":[0.37206523242403539,0.22963062079317678,-0.060106822264311494,-0.38647724131395611,-0.87414304351017547,-0.44968911412545554,-0.20497554379305577,0.326209768479006,0.68812459648153179,0.37600370497116675],"y":[0.45615088003416687,0.83519236607843284,0.46364229999456458,0.502076993906587,0.20355725373585676,-0.14088860030729361,-0.5023878718234932,-0.7253179114738143,-0.27866694192455393,0.20355725373585656]}