{"s":[0.4,0.9,0.6,0.7,0.8,0.3,0.5,1,0.2,0.1],"r":[0.5587897243777501,0.88350801270473156,0.58953145983986821,0.64150547126950563,0.74058818275610128,0.40872882363252389,0.62862568606644786,1.0714565528487419,0.46195655445392558,0.37004040274173455],"or":[0.52,0.92000000000000015,0.67999999999999994,0.76,0.84000000000000008,0.44,0.60000000000000009,1,0.36000000000000004,0.28],"d":[0.447211407707889,1.1393602232993223,1.7717085044488976,2.5063903741468252,-3.0611983076735885,-2.264467436348629,-1.7197549115741051,-1.1944197849812652,-0.61875920136650031,-0.16142582554369167],"x":[0.50383641017918612,0.36946161788807574,-0.11764880988751807,-0.51638091477361836,-0.73819616791907317,-0.26132658353541732,-0.093293288498738539,0.39381713927685519,0.37630924456008547,0.36522955186250333],"y":[0.24165021797613337,0.80254876575881029,0.57767300410610911,0.38063108192352291,-0.059474987243210466,-0.31427323781342464,-0.62166439137496321,-0.99645732746279836,-0.26794628316429492,-0.059474987243210639]}