{"s":[1,0.1,0.4,0.2,0.8,0.9,0.3,0.7,0.5,0.6],"r":[1.0448108258974975,0.35175805867529586,0.5940089861412976,0.4122616628597271,0.8490569834042947,0.88326079810365432,0.37173051191425233,0.68918491928572934,0.55691177765924926,0.68150875806346889],"or":[1,0.28,0.52,0.36000000000000004,0.84000000000000008,0.92000000000000015,0.44,0.76,0.60000000000000009,0.67999999999999994],"d":[0.68874276397665812,1.3335323021031047,1.8523388969906447,2.371223952512552,3.0530666000407343,-2.5847674619288341,-1.9577118671759972,-1.2285259900627821,-0.52332440704156413,0.11037003740306003],"x":[0.80664168740369135,0.082678685641414812,-0.16503815859466633,-0.29586121284937938,-0.84573218431688357,-0.74983299530652625,-0.14026647417105831,0.23130879218306333,0.48237612850572942,0.67736205521051907],"y":[0.664047325162248,0.34190344658049437,0.57062166259641256,0.28709897491137354,0.075065527895256723,-0.46679772559037541,-0.34425120146725985,-0.64920882282181724,-0.2783235504649384,0.075065527895256459]}