{"s":[1,0.6,0.4,0.2,0.7,0.1,0.8,0.5,0.3,0.9],"r":[0.81591861948861488,0.58678411908381212,0.55386424947935831,0.49736938936148678,0.94190026278973216,0.46510767855509427,0.961013555753282,0.62615082581256842,0.35891859683089611,0.735262888668676],"or":[1,0.67999999999999994,0.52,0.36000000000000004,0.76,0.28,0.84000000000000008,0.60000000000000009,0.44,0.92000000000000015],"d":[0.70302617046943094,1.5264245256896865,2.23925010287267,2.8291640259592437,-3.0801276498741172,-2.6445857192563786,-2.0484207637550638,-1.5685472936998768,-1.0733637898450654,-0.078770918272280957],"x":[0.6224554829955502,0.02602812531978968,-0.3432702633387984,-0.47329168163636931,-0.940121598384285,-0.40883596606978578,-0.44174983364775539,0.0014082327425504193,0.17126547402946557,0.73298296716817513],"y":[0.5275152749608143,0.58620656692099815,0.43466209077701368,0.15287672670369384,-0.057857456690936421,-0.22176182155342669,-0.85346595644685608,-0.6261492422308792,-0.31542145861770693,-0.057857456690936733]}