{"s":[0.4,0.1,0.9,0.2,1,0.7,0.8,0.6,0.3,0.5],"r":[0.713271803441618,0.45399049508737743,1.0105927932370367,0.36434637085533927,0.86695263824445112,0.57411195283509,0.69165514838570052,0.63917736327900176,0.52387917585557575,0.7602379544706469],"or":[0.52,0.28,0.92000000000000015,0.36000000000000004,1,0.76,0.84000000000000008,0.67999999999999994,0.44,0.60000000000000009],"d":[0.64446033109116352,1.0288524445392511,1.7085068261898544,1.9822553198764326,3.0013931825400815,-2.5333290316986856,-1.7361830989985956,-0.97540985763678378,-0.26839954344006539,0.16003832177304234],"x":[0.57020666857061064,0.23416934332038927,-0.13872978335822486,-0.14571922931055006,-0.85844622180653807,-0.471140091983805,-0.11386984157965077,0.35846905221326053,0.5051224960359596,0.75052300843652975],"y":[0.42851023406969407,0.38893712638237526,1.0010253947588021,0.33393739557676938,0.12114850896768865,-0.32807247387370414,-0.68221734327637162,-0.52919527618226492,-0.13892679688785475,0.12114850896768838]}