{"s":[0.9,0.2,0.1,0.5,0.4,0.6,0.7,0.8,1,0.3],"r":[0.97111232151991,0.52479393830948073,0.47936278653717312,0.77496856304236983,0.62397932585981475,0.65896335654723293,0.61342593022280045,0.62646273903349248,0.81682942358513488,0.39793293069293206],"or":[0.92000000000000015,0.36000000000000004,0.28,0.60000000000000009,0.52,0.67999999999999994,0.76,0.84000000000000008,1,0.44],"d":[0.83489479894660756,1.5187894244146034,1.9285201994158765,2.3809780855179916,2.8384305520252466,-2.8203475294168876,-2.1085282424355163,-1.2899678745648062,-0.5028391928826782,0.48716824919741436],"x":[0.65186464631653374,0.027280605514117554,-0.16784557316078197,-0.56139690236467454,-0.595524152425681,-0.625252773347896,-0.31419020716695673,0.17362523952029202,0.71572051729975494,0.351638215146936],"y":[0.71981360357415414,0.52408438848067029,0.44901731000821338,0.53423757984561848,0.1862825353546142,-0.20806651506852392,-0.52685471013372642,-0.60192178860618339,-0.3936425387970599,0.18628253535461403]}