{"s":[0.2,0.9,0.7,0.6,0.1,0.8,0.3,0.5,1,0.4],"r":[0.30015183808908819,0.87575240413767375,0.74639860413583869,0.70488930815206563,0.33378474131176533,0.90994507001480485,0.49754707223937111,0.63010364171101585,0.99369839203580623,0.47689894425559648],"or":[0.36000000000000004,0.92000000000000015,0.76,0.67999999999999994,0.28,0.84000000000000008,0.44,0.60000000000000009,1,0.52],"d":[0.618243943722754,1.2960617730047852,1.9639151567851254,2.5995548527427195,-3.02324635738445,-2.5099509989636513,-1.9543863911202408,-1.3502091126085494,-0.68948480256614586,-0.082732487975902755],"x":[0.24459299199018084,0.23758414417582582,-0.28592380560345543,-0.60384990690210982,-0.33144999941118786,-0.73437958365477007,-0.18620800564549719,0.13786834421786731,0.76671169900082115,0.47526776832562173],"y":[0.17396952082922321,0.84290927613187161,0.689462438168437,0.36364024348442375,-0.03941004215787737,-0.5372956891277787,-0.46138884655732249,-0.6148356845207571,-0.63213105045537921,-0.039410042157877537]}