{"s":[0.6,0.7,0.2,0.8,0.4,0.3,0.5,1,0.9,0.1],"r":[0.70132201405776862,0.84768960766484536,0.48408677665254363,0.95816128088182639,0.59598692398809561,0.44812847838265624,0.52644726443075363,0.877063313303043,0.80420831034105789,0.23952001376915244],"or":[0.67999999999999994,0.76,0.36000000000000004,0.84000000000000008,0.52,0.44,0.60000000000000009,1,0.92000000000000015,0.28],"d":[0.80947117080639164,1.3705570791741453,1.9460596628959186,2.4626044593618377,2.9592327410125909,-2.7991065619476125,-2.0690317944634784,-1.2903482753614306,-0.56793810750735674,0.46816244762647186],"x":[0.48382898536357838,0.1686086873247975,-0.17742630064049031,-0.74564928863684321,-0.58610454263153744,-0.42210237442620596,-0.25157665520448064,0.24275904188878755,0.67795713388996071,0.21374741711774337],"y":[0.507702747997384,0.83075193740465525,0.45039972820915425,0.60173098518895629,0.10808273993320316,-0.15049491234361989,-0.46244557386004864,-0.84279778305554987,-0.43257962391833621,0.10808273993320303]}