{"s":[0.4,0.9,0.2,0.3,0.8,0.1,0.7,1,0.6,0.5],"r":[0.542305661319834,1.0167123072127513,0.50027587231456372,0.58083138784434518,0.9375279160293104,0.31662248901048912,0.69166562077933791,0.87255464283251327,0.55051678597518927,0.53246562126362085],"or":[0.52,0.92000000000000015,0.36000000000000004,0.44,0.84000000000000008,0.28,0.76,1,0.67999999999999994,0.60000000000000009],"d":[0.894929431000443,1.3708986228725855,1.9743900948688851,2.4381023195376281,3.0183376821624504,-2.9814464162553191,-2.0533435153328932,-1.3078680700317498,-0.54899886370173645,0.21819686589934328],"x":[0.33925225312283641,0.20188762013636297,-0.19647129224250398,-0.44293562612414961,-0.93041556432091055,-0.3125709795829853,-0.32095845236090004,0.22678505216004186,0.46961689966400072,0.51984052056759733],"y":[0.42308786209323179,0.99646640910446727,0.4600814925039457,0.37573013216296036,0.11526261754646754,-0.050489437209482568,-0.61268834069709754,-0.84256759066874976,-0.28727808686083989,0.11526261754646729]}