{"s":[0.1,0.4,0.9,1,0.2,0.6,0.5,0.3,0.7,0.8],"r":[0.28111397008408112,0.45560707975987685,0.82114158969942641,0.91019469853620294,0.32505455349523338,0.6970142341745037,0.66749575739294387,0.53246698440940188,0.84308778709071608,0.88430472108521885],"or":[0.28,0.52,0.92000000000000015,1,0.36000000000000004,0.67999999999999994,0.60000000000000009,0.44,0.76,0.84000000000000008],"d":[0.28452492809301455,1.1057964846325268,1.8654400144903251,2.5600243227364254,-2.8775029712871172,-2.3769112268155341,-1.7822068742448973,-1.2265385662915356,-0.67879293337716018,-0.096098013192790419],"x":[0.26981181506625818,0.20430453878794164,-0.2384586236706869,-0.760560636740925,-0.31378508167878938,-0.50296752378912923,-0.14006680979099181,0.17970658531801775,0.65620148449395177,0.88022466136196487],"y":[0.078909116248282535,0.40723146557942846,0.78575504779236571,0.500001907080011,-0.08484919129738959,-0.482547938194022,-0.65263456461679525,-0.50122513173162042,-0.52933602606421426,-0.084849191297389839]}