{"s":[0.1,0.7,0.5,0.2,0.6,0.4,1,0.3,0.8,0.9],"r":[0.30717262341574997,0.84754808441113783,0.7220867297003325,0.47799815356991926,0.76762916587357855,0.54373715487248353,0.95835414345663006,0.34213759542100863,0.74875083426054023,0.87573674604937068],"or":[0.28,0.76,0.60000000000000009,0.36000000000000004,0.67999999999999994,0.52,1,0.44,0.84000000000000008,0.92000000000000015],"d":[1.0109882704665096,1.3669019763367039,1.9351216637520436,2.440661803122155,3.0210352808705689,-2.7258141244271643,-1.9824283332195018,-1.3626674967138648,-0.58198740105088931,0.10561530166249893],"x":[0.16311590090542843,0.17161538177078478,-0.25729321747530987,-0.36530635363263425,-0.7620575271022626,-0.49741191726715,-0.38344280548886722,0.070695711359938865,0.62548537362623335,0.87085704147959309],"y":[0.26028488901187596,0.8299915156967913,0.67469211159648512,0.30827504409517303,0.092319346220336371,-0.21961666182109452,-0.87830192940657814,-0.33475401505550612,-0.41157728215428296,0.092319346220336052]}