{"s":[0.7,0.1,1,0.5,0.8,0.3,0.9,0.2,0.6,0.4],"r":[0.837879407111743,0.29601443524264703,0.98795192315166069,0.542951452595634,0.79817539486888334,0.42156214786853047,0.96980944426870586,0.43538030017390678,0.79090476237110574,0.62008217757525907],"or":[0.76,0.28,1,0.60000000000000009,0.84000000000000008,0.44,0.92000000000000015,0.36000000000000004,0.67999999999999994,0.52],"d":[0.54155651038387187,0.96872753772048026,1.8207429703596143,2.4791519727936562,-3.0997043587000692,-2.3401827789777085,-1.7981772914443537,-1.1105083098515525,-0.60489627987791283,-0.053929363306418975],"x":[0.717985051426599,0.16764739329744169,-0.24437214213803482,-0.42811366810985929,-0.79747524630621891,-0.29327852463498177,-0.21862092117331783,0.1933986142621589,0.65056747968916018,0.61918067996630977],"y":[0.43190203378760567,0.24396495115609576,0.95725193058354963,0.33393856778340281,-0.033424429732358416,-0.3028239612439167,-0.944846681222994,-0.39006791944608549,-0.4497691602502214,-0.033424429732358651]}