{"s":[0.8,0.3,0.5,0.4,0.7,0.1,0.6,0.9,0.2,1],"r":[0.76223049670203125,0.43786122323517312,0.66928054704063533,0.63884988460419445,0.89452098121925572,0.38579340706771259,0.72424389328794658,0.88681307113735175,0.26251029317947455,0.88745207123950065],"or":[0.84000000000000008,0.44,0.60000000000000009,0.52,0.76,0.28,0.67999999999999994,0.92000000000000015,0.36000000000000004,1],"d":[0.73986016338199112,1.5419477423481671,2.0569712452338029,2.61067026262085,3.1258937890683258,-2.7350080733027573,-2.0559492332444442,-1.3861805488265593,-0.86723548151888608,0.015823922640647546],"x":[0.5629551216367692,0.012629924447880997,-0.31271963451775042,-0.55090606768213779,-0.89441075419084126,-0.35434232839056612,-0.33774652366895297,0.16279125935509536,0.16982764305362541,0.88734096609930568],"y":[0.51388409308476912,0.43767903287848153,0.59172872233321294,0.32346820500598872,0.014042386877970707,-0.15257151519096221,-0.64066879330463722,-0.87174332748673433,-0.20017548721065739,0.014042386877970365]}