{"s":[0.8,0.7,0.3,0.1,0.2,0.5,0.4,0.9,1,0.6],"r":[0.70578068204772437,0.77750221957111187,0.59818635735952119,0.49810170234803286,0.56817067618748585,0.72537908362534642,0.53464146701363446,0.75001569091255849,0.72960613633790894,0.44032709349301635],"or":[0.84000000000000008,0.76,0.44,0.28,0.36000000000000004,0.60000000000000009,0.52,0.92000000000000015,1,0.67999999999999994],"d":[0.91358108384421222,1.5623716427487562,2.1906796668104715,2.6285551858126874,2.9872596918657082,-2.79062241535725,-2.3380169895964662,-1.4990586870631826,-0.70692757609306389,0.19967626787717965],"x":[0.43117168146323892,0.0065501330614734232,-0.34751050778579445,-0.4339749242323635,-0.56141756339013227,-0.68115966871682132,-0.37111455050894576,0.053758218507775679,0.55476405370546755,0.43157816495691237],"y":[0.558764129356846,0.77747462800716682,0.48689153320787176,0.24448122835817609,0.087339777858841061,-0.24939190178259119,-0.38485775119001348,-0.74808661968913248,-0.47387968821021281,0.087339777858840867]}