{"s":[0.1,1,0.6,0.5,0.9,0.2,0.7,0.8,0.3,0.4],"r":[0.33200250073680343,1.011865795869906,0.64341450211513618,0.53385512198456,0.85990479108728068,0.32840128385831524,0.77652124167680858,0.90012671404475586,0.51975781747073446,0.59886443274600232],"or":[0.28,1,0.67999999999999994,0.60000000000000009,0.92000000000000015,0.36000000000000004,0.76,0.84000000000000008,0.44,0.52],"d":[0.434386011296607,1.1808197216415257,1.7915228828701595,2.4748934085773677,-3.11032412697484,-2.3171874325402948,-1.7860935358676173,-1.1898985494383592,-0.58889629024448353,-0.044906009732658694],"x":[0.30116896786384989,0.38467775828489592,-0.14086827651478639,-0.41953918448573768,-0.85948445195530976,-0.22298241566312291,-0.16589427817191429,0.33462575497064029,0.432206813745593,0.59826071425946947],"y":[0.13972441909456806,0.9358928416930784,0.627804388487228,0.33013355471716527,-0.026883574575204339,-0.2410938521506262,-0.75859365093909936,-0.83561576424056216,-0.28869613605627559,-0.026883574575204582]}