{"s":[0.8,0.5,0.6,0.3,0.7,1,0.1,0.9,0.2,0.4],"r":[0.89487799727955153,0.6139101711753816,0.65950556223385892,0.392046816099391,0.7225132337418475,0.99356821991478783,0.29723828379045614,0.98295135209937667,0.42833720430515593,0.59000661356380768],"or":[0.84000000000000008,0.60000000000000009,0.67999999999999994,0.44,0.76,1,0.28,0.92000000000000015,0.36000000000000004,0.52],"d":[0.570611311554156,1.157280202968318,1.8137522391548291,2.4749499188537607,-3.1102877426882873,-2.4613043608703897,-1.678622396028181,-1.2088857936618194,-0.59324269582167577,-0.038338653704465847],"x":[0.753103312493527,0.24668848650455483,-0.15865908238951626,-0.30811040012829094,-0.72215923209124033,-0.7723913994003363,-0.03198796711011917,0.34802537872807243,0.35514817026034523,0.5895730553642532],"y":[0.48336531808388783,0.56216589090648184,0.64013661213268769,0.24242253885819723,-0.022614518290062446,-0.62497146635428913,-0.29551204258178326,-0.9192778123914308,-0.23946301959318425,-0.022614518290062672]}