{"s":[1,0.1,0.4,0.9,0.6,0.8,0.7,0.3,0.2,0.5],"r":[1.0890916059639804,0.3344269083922593,0.49664687452299183,0.82602852106524494,0.56087676520119967,0.742144348354402,0.72373611876350563,0.4812814347218618,0.45304850688009257,0.709798073485638],"or":[1,0.28,0.52,0.92000000000000015,0.67999999999999994,0.84000000000000008,0.76,0.44,0.36000000000000004,0.60000000000000009],"d":[0.56936622660438885,0.92951116244720833,1.6622273842664006,2.4283719446853214,3.1351132653039953,-2.4267040422753667,-1.7359264782527433,-1.0266720507992571,-0.47308233863401283,0.0051199473865564211],"x":[0.9172795750910494,0.20006279570871549,-0.045345708302235,-0.62469115601839054,-0.56086499174568782,-0.56044237555549725,-0.11896825950552029,0.24914449651090548,0.40328933138790279,0.709788770231857],"y":[0.58712750514857137,0.26798551235098023,0.49457242615417313,0.54044803376979966,0.003634112913921969,-0.48650033656318359,-0.71389111412952211,-0.41177522905859831,-0.20642350829055206,0.0036341129139217405]}