{"s":[0.5,0.2,0.7,0.4,0.1,1,0.8,0.3,0.9,0.6],"r":[0.67203438308555441,0.47896495817384771,0.88982082657641293,0.61835437398213267,0.32513103924493431,0.95432670493814,0.7342515813959396,0.31892806466913393,0.84251261255811072,0.67777884371301866],"or":[0.60000000000000009,0.36000000000000004,0.76,0.52,0.28,1,0.84000000000000008,0.44,0.92000000000000015,0.67999999999999994],"d":[0.79569987184257041,1.3739209627135822,1.8610418920400036,2.366434627888458,2.7465984645085828,-2.6308648279838529,-1.9613609430456065,-1.1898737460864335,-0.5207264482008761,0.18565489598196167],"x":[0.47027956836066309,0.09368842665321242,-0.25465562260767621,-0.44169699238311133,-0.30009555920780179,-0.83254408984472894,-0.27953734041202566,0.1185701444575615,0.73084430000174139,0.66613160333428778],"y":[0.48007014032502593,0.46971258219226075,0.8526028485076903,0.43274230061613905,0.12511134250837425,-0.46648665385271171,-0.67895821675402779,-0.29606795043859824,-0.41915881414382528,0.12511134250837405]}