{"s":[0.2,0.6,0.5,0.9,0.7,0.3,0.1,1,0.8,0.4],"r":[0.38169677039062722,0.690623473038184,0.59799515463544684,0.89561898070162937,0.72477885294306421,0.4054134198672355,0.25471358390178556,0.97716881330059835,0.83677381693693875,0.534951586550385],"or":[0.36000000000000004,0.67999999999999994,0.60000000000000009,0.92000000000000015,0.76,0.44,0.28,1,0.84000000000000008,0.52],"d":[0.62439940800237659,1.2314796868474036,1.8404367030076518,2.4845874979212721,3.1209614445289842,-2.5095842695639381,-1.8166987778131241,-1.2293985967814072,-0.59761393825252118,0.027953839410259609],"x":[0.30967607783976658,0.22986903217373952,-0.15929683432445138,-0.70917338791380136,-0.72462460851918453,-0.32710483825621334,-0.062005367699903696,0.32716049879828707,0.69174462749735444,0.53474258999156943],"y":[0.2231437907278937,0.65124573669148245,0.57638765040698114,0.54699768232405388,0.014952003273219503,-0.23950462583804907,-0.24705129872253598,-0.92077407528304989,-0.47082883412102083,0.014952003273219286]}