{"s":[0.7,0.8,0.5,1,0.6,0.2,0.9,0.4,0.1,0.3],"r":[0.75583636245948349,0.74230558662206514,0.44806101998636538,0.85032724745858934,0.60580436639544144,0.39610673702859817,1.0130151617851393,0.66147826429403855,0.42056090241221467,0.53059481231590089],"or":[0.76,0.84000000000000008,0.60000000000000009,1,0.67999999999999994,0.36000000000000004,0.92000000000000015,0.52,0.28,0.44],"d":[0.42771894404315941,1.100192899283446,1.8033356859123333,2.5798262167268673,-2.92865015520482,-2.1232456249168976,-1.7705357903921257,-1.2013839969100695,-0.76318864105049689,-0.24369794294778946],"x":[0.6877463068810642,0.33657931656647144,-0.10325533697728637,-0.71964511495043748,-0.59212123803878647,-0.20786641610261875,-0.20099637109812163,0.23883828244563624,0.30391228274520005,0.51491696908273377],"y":[0.31351814012500268,0.66161314043024821,0.43600116171511416,0.45295401124007351,-0.12802878507272109,-0.33718259174532716,-0.99287470348073537,-0.61685473895551168,-0.29070396804030374,-0.12802878507272128]}