{"s":[0.7,0.1,0.9,0.3,0.6,0.2,0.5,0.4,1,0.8],"r":[0.65606927565500317,0.31058266829617664,1.0182545296396428,0.60313714215703118,0.85409004304642211,0.49714025556233171,0.64841897329237064,0.46511446326462108,0.85098239030305445,0.67378643588138554],"or":[0.76,0.28,0.92000000000000015,0.44,0.67999999999999994,0.36000000000000004,0.60000000000000009,0.52,1,0.84000000000000008],"d":[0.82137211833166912,1.8435882406026725,2.0352319455925079,2.6373644868521895,3.1045207410655666,-2.7692510474905956,-2.1534433130502704,-1.5905649821168713,-0.71615543255677228,0.046998803466122341],"x":[0.44692577127509775,-0.083677542429763691,-0.45609481137354363,-0.52807529681712873,-0.85350321088488523,-0.46307522561098041,-0.35678353965520249,-0.00919408864100782,0.641925984893543,0.673042413624513],"y":[0.48029600188700255,0.29909808213843159,0.91039541418538661,0.29139473766842838,0.031655499367888883,-0.18085842287800719,-0.54143574942613149,-0.46502358292026208,-0.55866095131515581,0.031655499367888591]}