{"s":[0.2,0.1,0.9,0.3,0.4,0.8,0.5,1,0.7,0.6],"r":[0.46273572730748319,0.43689670331103275,1.0779039585431871,0.56554981726261333,0.56186481394736043,0.76414638672724544,0.4459662813320201,0.82333747514863531,0.64772777705043749,0.67308363354929823],"or":[0.36000000000000004,0.28,0.92000000000000015,0.44,0.52,0.84000000000000008,0.60000000000000009,1,0.76,0.67999999999999994],"d":[0.9560337210507972,1.4231226754554165,1.85545179533902,2.2924923899995515,2.8368286125673978,-2.7094476950977082,-2.0480247438593548,-1.2180070262765981,-0.43592518592541962,0.25318173383929671],"x":[0.26688959069432644,0.064283890389009266,-0.30270432045055728,-0.3736354822713388,-0.53597283760129688,-0.69389801875417167,-0.20484079756000634,0.284476816892749,0.587152127177159,0.65162595961656578],"y":[0.37801362370396169,0.4321415402394248,1.0345274468198702,0.424550494280291,0.16859770611048003,-0.32003943494097736,-0.39613908130868758,-0.77263027292146591,-0.27350256436464826,0.16859770611047981]}