{"s":[0.6,0.9,1,0.4,0.8,0.7,0.5,0.3,0.2,0.1],"r":[0.67247352937494742,0.774595584350831,0.77087461388536893,0.32220014675298408,0.71734602356213317,0.764908732547716,0.71628661983468844,0.61499671583098248,0.53467903460415744,0.41143800842227729],"or":[0.67999999999999994,0.92000000000000015,1,0.52,0.84000000000000008,0.76,0.60000000000000009,0.44,0.36000000000000004,0.28],"d":[0.330677883786238,1.0566785365826312,1.8177963203981184,2.7327601858360668,-2.9091551058676024,-2.2525028502169873,-1.6684706421370785,-1.1724192582245092,-0.75990187391485253,-0.41328262242093017],"x":[0.63604056963009892,0.38092045122911838,-0.18847584194895611,-0.29564621075015046,-0.69805500858690972,-0.48198356682620036,-0.069851614203524079,0.23857137793459959,0.38759076152869909,0.37679797274846893],"y":[0.21834157069742263,0.67446121395615488,0.74747878052460381,0.12808689486720379,-0.16524080158100765,-0.5939505117745475,-0.71287255084437462,-0.56683741770747686,-0.36831382219900044,-0.16524080158100782]}