{"s":[0.3,0.4,0.9,0.7,0.6,1,0.2,0.8,0.5,0.1],"r":[0.56204678675214337,0.56448309796179519,0.85298813330914769,0.61609653255590779,0.517009531911495,0.88595086627497166,0.36748382343011082,0.91727147227410055,0.74180844723165618,0.43711765821712445],"or":[0.44,0.52,0.92000000000000015,0.76,0.67999999999999994,1,0.36000000000000004,0.84000000000000008,0.60000000000000009,0.28],"d":[0.42591714667497105,0.97234915410370859,1.7162909142619112,2.3939188399149329,-3.0942083177908732,-2.3853974629618144,-1.4395439337963569,-1.0998941375801674,-0.52926329082386769,-0.056053135589949073],"x":[0.51183363429228423,0.31800730502317931,-0.12366776282529551,-0.45176664871665145,-0.51642922614200426,-0.64448670531843866,0.048094763560222367,0.41615732010061796,0.640313672026809,0.43643113620765989],"y":[0.23221309460398992,0.46638237727903076,0.84397573425070149,0.41890551743172155,-0.02448898678414094,-0.60790280812080211,-0.36432300805864454,-0.81743503642464932,-0.37453727958613792,-0.024488986784141093]}