{"s":[1,0.5,0.6,0.7,0.2,0.3,0.8,0.9,0.1,0.4],"r":[0.95506367197897712,0.57364594779428946,0.67998787157240759,0.7851997136401575,0.40168703018361579,0.48116537561883349,0.86417962680487626,0.91801199653837429,0.25518074369130089,0.47622348960951827],"or":[1,0.60000000000000009,0.67999999999999994,0.76,0.36000000000000004,0.44,0.84000000000000008,0.92000000000000015,0.28,0.52],"d":[0.64318155942621225,1.3199427799049352,1.9504818182764849,2.5588227518536506,-3.1084178447567603,-2.5427788972091703,-1.9269624755283774,-1.3051578169915319,-0.76888720523110066,-0.027980948529060815],"x":[0.76423401256589485,0.14239663912706824,-0.25202280199184174,-0.65559580360954084,-0.4014660085216214,-0.39744492794127978,-0.30132523213170564,0.24100149940679555,0.18339454231230753,0.47603707611531315],"y":[0.57279402194104545,0.55569134471046433,0.63155998350256015,0.43212582957993351,-0.013323446230254487,-0.27121513222562649,-0.80994415354726079,-0.88581279233935684,-0.17743633731821859,-0.013323446230254657]}