{"s":[0.5,0.4,0.8,0.1,0.6,0.9,1,0.3,0.7,0.2],"r":[0.77539387256746528,0.68820618806392164,0.94638218583022859,0.31898144922484517,0.58191008938899969,0.75166595577994566,0.84301744257498323,0.38140974803481803,0.79734260361600628,0.49547209041616563],"or":[0.60000000000000009,0.52,0.84000000000000008,0.28,0.67999999999999994,0.92000000000000015,1,0.44,0.76,0.36000000000000004],"d":[0.68008275689506936,1.15638664607674,1.7241101019569136,1.9274473911490337,2.9095975508698682,-2.5666739268079071,-1.8031609477883543,-0.84797369361939012,-0.40528792899109278,0.27342466168871921],"x":[0.60288477039189292,0.277105980309054,-0.14452568706122287,-0.11136854696077909,-0.56632049634150861,-0.63082550503544965,-0.19412941263419681,0.252304117522567,0.73274900991056036,0.47706618495251174],"y":[0.48761215247846834,0.62995240531839547,0.93528154447539635,0.29890836672369547,0.13379255418826919,-0.40873082985670306,-0.82036100567735848,-0.28603501215260707,-0.31437893697931674,0.13379255418826902]}