{"s":[0.6,0.3,0.5,0.1,0.8,0.2,1,0.4,0.9,0.7],"r":[0.67661096249923369,0.536890355617398,0.75973763302344843,0.45154457877596,0.98737293268751514,0.43484829496401084,0.965354440622407,0.39584696583182744,0.772074247501531,0.65898342232600748],"or":[0.67999999999999994,0.44,0.60000000000000009,0.28,0.84000000000000008,0.36000000000000004,1,0.52,0.92000000000000015,0.76],"d":[0.87098764806086715,1.5454278276105868,1.9968274004056836,2.4785695531205056,3.0297843542172305,-2.8964747765126559,-2.0440157340920004,-1.4725760884534786,-0.60802438099067491,0.16796528608069722],"x":[0.435785732572445,0.013618641701647921,-0.31396910615169804,-0.3558781365150227,-0.98120773753012369,-0.42185012560564505,-0.43996439378760044,0.038817699228828273,0.633701699844312,0.64970952500755064],"y":[0.51758399304889324,0.53671760410217417,0.69182705310964521,0.27792671439167921,0.1101666193316294,-0.1055249314598634,-0.85926743696506369,-0.39393908994265114,-0.44104512157996345,0.11016661933162909]}