{"s":[0.4,0.7,1,0.1,0.6,0.2,0.9,0.5,0.3,0.8],"r":[0.46044555919352553,0.71078906047089718,0.98758630240494749,0.30255949376885927,0.74566312801523449,0.43943400464399418,1.0072387313817863,0.65269961479603977,0.44798584315568846,0.81156772560324175],"or":[0.52,0.76,1,0.28,0.67999999999999994,0.36000000000000004,0.92000000000000015,0.60000000000000009,0.44,0.84000000000000008],"d":[0.59537872508591683,1.2983084119566177,1.948867738252839,2.7550732700176495,-3.0689124709850244,-2.4787586876627774,-1.9143579914001632,-1.3534264398184672,-0.79075085163385894,-0.066768900490281266],"x":[0.38121952850233543,0.19129351450245644,-0.36454651582836906,-0.28023869500397086,-0.7436945460273009,-0.34638451735460152,-0.33928105990424084,0.14076260265419946,0.31507370615170466,0.80975937817978239],"y":[0.25822816281245453,0.68456400708363219,0.91784124035438341,0.11405490384959249,-0.054147231607079828,-0.27040712005137296,-0.94837662581162618,-0.637340314783958,-0.31846487303899373,-0.054147231607080119]}