{"s":[0.2,0.7,0.6,1,0.3,0.4,0.8,0.1,0.9,0.5],"r":[0.36887522421124769,0.72344594215412072,0.61330974220113266,0.94548550800981668,0.41352483968210413,0.54554614857668715,0.91527187135936294,0.36773124533274687,1.0163529560153541,0.65874702823467912],"or":[0.36000000000000004,0.76,0.67999999999999994,1,0.44,0.52,0.84000000000000008,0.28,0.92000000000000015,0.60000000000000009],"d":[0.40167339996743512,1.1704901399514906,1.8558868690656372,2.5486105465514339,-2.9668996852623137,-2.3607441579978996,-1.8168953061925972,-1.2081434697572901,-0.66119012328764415,-0.10932326525878154],"x":[0.33951572656851881,0.28192713021400378,-0.17248989371483689,-0.78407019749307827,-0.40723097061609692,-0.38751045958898533,-0.22298067415137499,0.13045478890439013,0.80216875412329414,0.65481441462664791],"y":[0.14421512559211336,0.66625154744177484,0.58855422557744341,0.528371811568091,-0.071873010269374,-0.38400031762485576,-0.88769488984485456,-0.34381363679453419,-0.62409824635984212,-0.0718730102693742]}