{"s":[1,0.9,0.3,0.1,0.2,0.5,0.4,0.6,0.7,0.8],"r":[0.72577255537499108,0.76996175939810518,0.49809260821928153,0.46329749801702491,0.58315953038759261,0.80299294549878986,0.6584714106715065,0.67537107841918531,0.59467598335847183,0.56169262622627636],"or":[1,0.92000000000000015,0.44,0.28,0.36000000000000004,0.60000000000000009,0.52,0.67999999999999994,0.76,0.84000000000000008],"d":[0.75409671227688513,1.5302285598699665,2.4005019667647338,2.9341748280319817,-3.037278499815431,-2.6269016001607324,-2.2064017895049624,-1.6287663257222371,-0.95227191644083986,-0.10831622992904766],"x":[0.52900854573963119,0.031227062261287492,-0.36745919609149569,-0.45336714858047045,-0.57998959790447313,-0.698961072160496,-0.39091132893577718,-0.039129336271556819,0.3448131030546121,0.5584008436172766],"y":[0.49688606407302766,0.76932826642334884,0.336258807424398,0.095408596346706814,-0.060721529991306873,-0.39528608642990765,-0.52988011057350359,-0.67423659690648707,-0.48450330148020138,-0.060721529991307109]}