{"s":[0.6,0.3,0.8,0.2,0.9,0.4,0.5,1,0.7,0.1],"r":[0.77270564338143077,0.56228064717496984,0.96331865365408853,0.43887125130849158,0.93284457643136354,0.46055804916877563,0.49586233528730911,0.90844767926102776,0.717857867201416,0.31644445936450394],"or":[0.67999999999999994,0.44,0.84000000000000008,0.36000000000000004,0.92000000000000015,0.52,0.60000000000000009,1,0.76,0.28],"d":[0.74436597618935385,1.3053366803875779,1.8380374826846813,2.2822844547941563,3.0154145545855333,-2.708780198790369,-1.9401845316599047,-1.2068827863191369,-0.48789154283838737,0.38005699548937655],"x":[0.5683386040938696,0.14751592565708077,-0.2543850320247667,-0.28656606935542583,-0.92542855490407538,-0.41808986527070208,-0.17902860245942043,0.32334759464288887,0.6341005020515077,0.29386408817160425],"y":[0.52351240903167007,0.54258508813368389,0.929123825956306,0.33239714667737819,0.11739247652879987,-0.19316982479692452,-0.46241563020513327,-0.84895436802775515,-0.33650627156264368,0.11739247652879969]}