{"s":[0.1,0.5,1,0.9,0.8,0.3,0.7,0.6,0.2,0.4],"r":[0.409918062876269,0.5716113622416521,0.812527081127277,0.669517770368358,0.63288545038389254,0.39496581093057126,0.812396284503748,0.83545317549530407,0.5672650228922248,0.7000652268999018],"or":[0.28,0.60000000000000009,1,0.92000000000000015,0.84000000000000008,0.44,0.76,0.67999999999999994,0.36000000000000004,0.52],"d":[0.11125778686254087,0.87208987204365518,1.7063797345171605,2.4847523040905322,-2.9613854907129049,-1.9745502380874216,-1.6178379321765226,-1.0830121657337495,-0.59465369728928941,-0.16275130274192409],"x":[0.40738363543709744,0.36767631359634279,-0.10982797540342154,-0.53020820834432958,-0.622636872622814,-0.15517147083175875,-0.038202332053457105,0.39155152804633087,0.46988975835585917,0.69081401531548758],"y":[0.045512546075635915,0.43766845655582842,0.80507022885211577,0.40881939856532423,-0.11343420188860256,-0.36320766297526325,-0.8114975692515487,-0.7380172147922911,-0.31779430641405232,-0.11343420188860279]}