{"s":[0.8,0.4,0.9,0.1,1,0.2,0.6,0.5,0.7,0.3],"r":[0.842174491095546,0.51934963737569972,0.96511416582394682,0.31864568413422895,1.0930303803321157,0.42188548665414966,0.7462599874242023,0.63829097308896932,0.7799274395865724,0.42420809891078476],"or":[0.84000000000000008,0.52,0.92000000000000015,0.28,1,0.36000000000000004,0.67999999999999994,0.60000000000000009,0.76,0.44],"d":[0.638689405295591,1.3185154328091973,1.9297641034862327,2.6322854660776089,-3.1251383786458633,-2.5339777349026473,-1.9280048350722212,-1.324418028132331,-0.676845925591678,-0.042407494078797167],"x":[0.67616316050133085,0.12963657699348555,-0.3390523189315115,-0.2782039748063504,-1.0928824184187458,-0.3463730558997562,-0.26093750294401213,0.1556748489893186,0.60799407940792494,0.42382670909386883],"y":[0.50205702249136341,0.50290993602004219,0.90359774131037829,0.15536286692552487,-0.017984210857394319,-0.24085902514971919,-0.69915347985096532,-0.61901591879289841,-0.48849770769674689,-0.017984210857394562]}