{"s":[0.9,0.6,0.2,1,0.4,0.3,0.5,0.8,0.1,0.7],"r":[0.84905838340745865,0.60965037917062792,0.32779026313202303,1.027090277958447,0.59023220805134669,0.53449408068024862,0.693601851854641,0.90444510315188809,0.292185424890826,0.71848854023668784],"or":[0.92000000000000015,0.67999999999999994,0.36000000000000004,1,0.52,0.44,0.60000000000000009,0.84000000000000008,0.28,0.76],"d":[0.60309750728119782,1.3118139629889713,2.1183529253920925,2.6000803658624188,-3.025672540343161,-2.4732033660599311,-1.9334484465211335,-1.3405578288709368,-0.93800312319911094,-0.095157802498198676],"x":[0.69926977393702872,0.1561296243318345,-0.17064846688449206,-0.8801446560626448,-0.58627103213797815,-0.41948211397940682,-0.24605879562672139,0.20640317682665379,0.17279829727047077,0.71523803461114155],"y":[0.48158272569989868,0.58931920487023892,0.27986703513299549,0.52939571539740327,-0.06826665582140351,-0.33123809915767849,-0.64848947407873525,-0.880578601381668,-0.23561211976266955,-0.068266655821403774]}