{"s":[0.3,0.5,1,0.9,0.6,0.8,0.2,0.4,0.7,0.1],"r":[0.53333011014032072,0.55009747166615441,0.801796982010515,0.67666946602816413,0.50736520563605991,0.786406930316194,0.47319912052330337,0.69971640234682053,0.9603296453340282,0.4663366253904877],"or":[0.44,0.60000000000000009,1,0.92000000000000015,0.67999999999999994,0.84000000000000008,0.36000000000000004,0.52,0.76,0.28],"d":[0.22098739770348566,0.8712885075327369,1.7305890556845818,2.524064169975091,-2.8720774684631127,-2.2412618175399444,-1.4327330069814672,-1.0795274192241919,-0.63592136179893788,-0.293903181713273],"x":[0.52036031876853184,0.35417539901935913,-0.12757678783862145,-0.55169674067793439,-0.4890493716695663,-0.48863456071049527,0.065124086904570638,0.33008778967645996,0.77260903863828856,0.44634032331939744],"y":[0.1169022884010342,0.42091212273225542,0.79158231635500131,0.39180642233146812,-0.1350931677018633,-0.61617540208012245,-0.46869634196233467,-0.6169644194114331,-0.57035804642505039,-0.13509316770186344]}