{"s":[0.8,0.6,0.1,0.3,0.4,0.2,0.9,1,0.5,0.7],"r":[0.79743071557143541,0.76227462291270465,0.45464786642326882,0.62398716034875956,0.66402755325239249,0.43470236402654377,0.82885119747462577,0.801582208420614,0.38407526878038384,0.60409345855716357],"or":[0.84000000000000008,0.67999999999999994,0.28,0.44,0.52,0.36000000000000004,0.92000000000000015,1,0.60000000000000009,0.76],"d":[0.87495312409969261,1.4964575289923499,2.102838109228327,2.4779379094483183,2.938479825337974,-2.9776454746482028,-2.1051804314677462,-1.3795512220255832,-0.57089000311187,0.22359069666227985],"x":[0.51117927371574079,0.056614401137036946,-0.23064011226627104,-0.49154349896648952,-0.65037740914103459,-0.42887332567385017,-0.42214312120180997,0.15236590560480615,0.32316875383782262,0.58905610048127111],"y":[0.61203880290404733,0.76016933003154019,0.39180329383126988,0.384376072231206,0.13394706849108051,-0.070949389114476763,-0.71329481476954193,-0.786968022009596,-0.20754702751818183,0.13394706849108029]}