{"s":[0.9,0.3,0.1,0.2,0.7,0.8,0.4,0.5,1,0.6],"r":[0.88441536278233668,0.50514790243956231,0.39943120482451444,0.48657841107114042,0.84338575925135006,0.85142294481650171,0.4617073437450791,0.46714719246437986,0.83907102464580385,0.57316385119087254],"or":[0.92000000000000015,0.44,0.28,0.36000000000000004,0.76,0.84000000000000008,0.52,0.60000000000000009,1,0.67999999999999994],"d":[0.78173342492321485,1.5014374811510751,2.0431978177708312,2.4709570869223185,3.0272204814049228,-2.6726837010848143,-2.1533314933357488,-1.3917881490593051,-0.60378368681929451,0.16872645422296623],"x":[0.62766373564282119,0.035008390781760421,-0.18175161160098438,-0.38119858193857287,-0.83787560777202763,-0.7595219510315957,-0.25400494572856608,0.083177280200148043,0.69071763049165813,0.56502459725512943],"y":[0.62308006619078327,0.50393334471332729,0.35568474674634015,0.30240071304237504,0.0962497003041126,-0.38476932941849984,-0.38555824308859593,-0.45968254207208958,-0.47639200174661678,0.09624970030411234]}