{"s":[0.4,1,0.2,0.7,0.6,0.8,0.9,0.1,0.5,0.3],"r":[0.64078640691723476,1.0733203240345008,0.36594291457130812,0.68350097149467648,0.56140188111762568,0.7369598935052426,0.87820049744205642,0.32732971986117243,0.70115833373966074,0.56994966342690456],"or":[0.52,1,0.36000000000000004,0.76,0.67999999999999994,0.84000000000000008,0.92000000000000015,0.28,0.60000000000000009,0.44],"d":[0.53850067642295973,1.1510909795424313,1.534953500563861,2.3812758468664343,3.10582584267726,-2.4352032034099342,-1.755840057519827,-0.86321673501050145,-0.49966309055495872,0.03523017680834023],"x":[0.55010140036002442,0.43736879204139839,0.013113620014041011,-0.4952769151887334,-0.56104282857485632,-0.5606130599105309,-0.16157968611487106,0.21276311273279735,0.61543754508182169,0.5695959991198225],"y":[0.32862694443980095,0.9801658317518388,0.36570787480593175,0.47103540770869734,0.020075274023858957,-0.47835434741727817,-0.86320803908588284,-0.24875008213997554,-0.33594588414838206,0.020075274023858766]}