{"s":[0.8,0.5,0.9,1,0.7,0.6,0.2,0.4,0.3,0.1],"r":[0.8722346384526467,0.50187582580187773,0.66602664157893987,0.72195289712514232,0.59654192880522883,0.67863279436754564,0.52092305517097959,0.73830170033246756,0.67180036497027318,0.47555586138792361],"or":[0.84000000000000008,0.60000000000000009,0.92000000000000015,1,0.76,0.67999999999999994,0.36000000000000004,0.52,0.44,0.28],"d":[0.33820802455849297,0.81031823788633717,1.7327062897491226,2.5870226840506136,-2.8225998915567829,-2.1367767891840517,-1.4560618999246167,-1.119391531281579,-0.70758386669982609,-0.40432233345867252],"x":[0.82282320229012307,0.34592689772655194,-0.10736581400267239,-0.61375162411374529,-0.56644745028126653,-0.36391252386959438,0.05963676400283123,0.32206938658290846,0.51052432698493422,0.4372114115709872],"y":[0.28940497972503254,0.36361232921010855,0.6573158063491743,0.38016434546801769,-0.18708169042563941,-0.57280899483332615,-0.51749810220708836,-0.66434984077662107,-0.43666994621884869,-0.18708169042563955]}