{"s":[0.3,0.2,0.6,0.5,0.9,1,0.4,0.7,0.1,0.8],"r":[0.63332906307528858,0.50472536870288442,0.70993622583514437,0.5101107598044613,0.73330265178170562,0.81223865444693077,0.43289722587700546,0.784960685163086,0.42850168934963212,1.0317629857660837],"or":[0.44,0.36000000000000004,0.67999999999999994,0.60000000000000009,0.92000000000000015,1,0.52,0.76,0.28,0.84000000000000008],"d":[0.53233284675145831,0.93206403588517617,1.5997558737761131,2.1896305764565049,3.0559176975181415,-2.4384760889339168,-1.5039888664476944,-0.999349323521295,-0.24004478267585413,0.06085466235908138],"x":[0.54569240223701132,0.30090623035260622,-0.02055655789333366,-0.29590810350916974,-0.73061300423295339,-0.61960060571923925,0.028899255682964642,0.42454576429335222,0.41621540135298341,1.0298531165370934],"y":[0.32144284760532887,0.40521986420614536,0.70963855072890958,0.41551339514616292,0.062748841868035657,-0.52519208026217645,-0.43193152373145643,-0.66024553862352975,-0.10187461632842391,0.062748841868035338]}