{"s":[0.4,0.2,0.7,1,0.5,0.6,0.8,0.9,0.3,0.1],"r":[0.66845423847116381,0.47495053744726251,0.76693931725143361,0.89146144464500443,0.43007943814582916,0.49723383477941435,0.71731653761822312,0.89545801659117785,0.53483166094146717,0.43195609523934991],"or":[0.52,0.36000000000000004,0.76,1,0.60000000000000009,0.67999999999999994,0.84000000000000008,0.92000000000000015,0.44,0.28],"d":[0.56760197293915859,0.981956588589419,1.6642694219825147,2.35237856634229,2.9941190243696618,-2.4316094712324441,-1.7043824994703378,-1.0680388345642708,-0.35801253339971867,0.14682826722276734],"x":[0.56363567098662681,0.26378588512992651,-0.071583844821948989,-0.62794844932950111,-0.42541112291889965,-0.3770886345261058,-0.095538825532797411,0.43147075010586416,0.50092071728577792,0.42730828286111355],"y":[0.3593687511756114,0.394962048591589,0.7635912974272312,0.6327592372089349,0.063195724639511217,-0.32410746390769674,-0.71092569791533722,-0.78465154768246592,-0.18741222089103529,0.063195724639511078]}