{"s":[0.5,0.2,0.3,0.4,0.9,0.7,1,0.6,0.8,0.1],"r":[0.81062000707313231,0.58405915272251441,0.60858166372863431,0.5732488106901551,0.7955328406527844,0.52757662703086938,0.74745725379533245,0.54346992329350674,0.83842396014964182,0.44771235364168543],"or":[0.60000000000000009,0.36000000000000004,0.44,0.52,0.92000000000000015,0.76,1,0.67999999999999994,0.84000000000000008,0.28],"d":[0.736346859836849,1.1553032634404552,1.5795314361270811,2.0870239686618168,2.8868136492645271,-2.6797039479555425,-1.8058267912075796,-0.91320198428335342,-0.34171989665055141,0.46433777338147486],"x":[0.60061016398711731,0.23575027401060211,-0.0053159597664504954,-0.28295726700843515,-0.76985225870882956,-0.47229314507891063,-0.17406232341038747,0.332176767521423,0.78994604205759267,0.40030782066476778],"y":[0.54440079608925362,0.53436588792967266,0.60855844583612018,0.49854727359077433,0.20049937735065859,-0.23510908638489519,-0.72690759647993619,-0.43013736485414589,-0.28096260888337488,0.20049937735065843]}