{"s":[0.4,0.3,1,0.5,0.2,0.1,0.8,0.9,0.6,0.7],"r":[0.4975693696394225,0.47670364868849241,1.0646944434793291,0.68408093063166364,0.43020293519171993,0.31124759979717476,0.79438109417090141,0.82521984111021518,0.57419342123026973,0.67789208434225467],"or":[0.52,0.44,1,0.60000000000000009,0.36000000000000004,0.28,0.84000000000000008,0.92000000000000015,0.67999999999999994,0.76],"d":[0.81413422487272713,1.4409783997262953,1.9314247655437684,2.5025220437257145,2.99847761767035,-2.8130895422352347,-1.9951753690357643,-1.3166057147706707,-0.6155086456245461,0.090637793851437248],"x":[0.34158046819819055,0.061711005310866471,-0.37569054875822022,-0.54907785924561581,-0.42580476015148033,-0.29460405140452833,-0.32709037608387748,0.20751152333389522,0.46881737211873414,0.675109477295331],"y":[0.36179837112524044,0.47269241637289233,0.99620824607584224,0.40801988204024409,0.061358550177717464,-0.10041673802479496,-0.72391519437670748,-0.79870317004855762,-0.33152429259981281,0.061358550177717242]}