{"s":[0.6,0.7,0.1,1,0.5,0.8,0.9,0.2,0.3,0.4],"r":[0.80135959322657491,0.83667129328956569,0.29968816402912235,0.92731905280472748,0.48040554497804128,0.72776939201695545,0.863774603726951,0.39168555663207133,0.53237717610237156,0.64575378205002121],"or":[0.67999999999999994,0.76,0.28,1,0.60000000000000009,0.84000000000000008,0.92000000000000015,0.36000000000000004,0.44,0.52],"d":[0.568524192369215,1.1276451560388396,1.4501004455778572,2.4088530297119197,3.0788127233431606,-2.447425181739562,-1.760032699915099,-0.92844632979197161,-0.44575092435086833,0.0466911286127659],"x":[0.67530288529508831,0.35875492222459571,0.0360833705352894,-0.68931764393804373,-0.47945913997447365,-0.55935378401107894,-0.16248373819659154,0.23465047926717009,0.48035709540464089,0.64505001844145338],"y":[0.4314431721193307,0.75585300078418594,0.29750795960773746,0.62029171480067447,0.030140018921475911,-0.46558740561705086,-0.84835464333338373,-0.31361876196086058,-0.2295267272653716,0.030140018921475709]}