{"s":[0.1,0.3,0.6,0.9,0.4,1,0.7,0.8,0.2,0.5],"r":[0.4715202074381763,0.59244997041504632,0.7329077886235974,0.841711399547869,0.35302192272944105,0.7895781996892669,0.619013087577648,0.81266409457361211,0.4724559619480212,0.76866797003671383],"or":[0.28,0.44,0.67999999999999994,0.92000000000000015,0.52,1,0.76,0.84000000000000008,0.36000000000000004,0.60000000000000009],"d":[0.57752318722812268,1.0282426098306268,1.6183360378618927,2.2998213016841147,2.8679462914542522,-2.48294856107679,-1.6665246906472151,-1.0167279556204663,-0.24133244451809432,0.12443431276053914],"x":[0.39504785099742623,0.30589652836969566,-0.034829101948190305,-0.56069995008520668,-0.33988664489829,-0.62441647015738211,-0.05916664697089663,0.42758425348322626,0.45876437106960166,0.76272465648685261],"y":[0.25742669139942759,0.50736996499217135,0.732079749947104,0.62776878395096958,0.095402025908128116,-0.48325749370365589,-0.61617895978249215,-0.69108222143413656,-0.11291540115211432,0.095402025908127908]}