{"s":[0.1,0.7,1,0.4,0.6,0.5,0.9,0.2,0.8,0.3],"r":[0.33331068399860614,0.75181810935484561,0.938847169780629,0.42815362823696912,0.60593113444939306,0.575957459873875,0.95741875429725254,0.44285818292260742,0.94686219211067046,0.530937617424687],"or":[0.28,0.76,1,0.52,0.67999999999999994,0.60000000000000009,0.92000000000000015,0.36000000000000004,0.84000000000000008,0.44],"d":[0.3537304345052249,1.1295244663449959,1.8169102519766256,2.4946381196706597,-3.05744882197911,-2.3557062068242582,-1.7852431885235449,-1.1119902328116782,-0.61989206166439614,-0.096063325421765947],"x":[0.31267442688212033,0.3210938746104387,-0.22873775250175238,-0.34163370396759546,-0.60378734768219466,-0.40706451705256713,-0.20374540581483486,0.19613214117584976,0.77069011847692137,0.52848971146331158],"y":[0.11545871487919951,0.679800848220676,0.9105564500817861,0.25807351992380406,-0.050925224339505672,-0.40746223695101697,-0.9354883648070943,-0.39705862713117085,-0.5500770419956218,-0.050925224339505866]}