{"s":[0.6,0.2,0.3,0.5,0.9,0.7,1,0.8,0.4,0.1],"r":[0.89638204885820882,0.58560094820528563,0.59814765728334907,0.61999593172839318,0.75875777744438566,0.49881350206214159,0.73679129799674781,0.70319711253536843,0.56790507048178063,0.46582141977182862],"or":[0.67999999999999994,0.36000000000000004,0.44,0.60000000000000009,0.92000000000000015,0.76,1,0.84000000000000008,0.52,0.28],"d":[0.70316842025675486,1.1094707818994995,1.5334095131826926,2.1028105721537349,2.8825917781345911,-2.6480637193699552,-1.768144278529183,-0.95937034311759228,-0.1775741527564812,0.43033493987346721],"x":[0.683757716327671,0.26067175589317121,0.022357625641925921,-0.31450547246773652,-0.73345043703542356,-0.43928837106716245,-0.144462265533946,0.40366023404391826,0.55897481772824509,0.42335065120222992],"y":[0.57963450801139194,0.52438412086799557,0.5977296684030452,0.53430446671126031,0.19432915696027209,-0.23630623539097972,-0.72249018722784886,-0.57579909215774971,-0.10031611149058461,0.19432915696027192]}