{"s":[0.6,1,0.9,0.7,0.2,0.8,0.5,0.3,0.4,0.1],"r":[0.61634461784799643,0.80759365449390907,0.6907700777547231,0.59544556814208149,0.3579106935592819,0.91088186087854928,0.76288408804536811,0.63125188402567789,0.67537657795470274,0.37884359890064973],"or":[0.67999999999999994,1,0.92000000000000015,0.76,0.36000000000000004,0.84000000000000008,0.60000000000000009,0.44,0.52,0.28],"d":[0.3153514200230646,1.1203365565120502,1.9026283730548967,2.7324872333889965,-2.5577035031970903,-2.3034091920265891,-1.7406127039109913,-1.2759763363700856,-0.82123796839159013,-0.547802411770898],"x":[0.58595108967018372,0.35160971095131821,-0.22503608970065095,-0.54630763951237993,-0.29861383290170918,-0.60921090224474461,-0.1289284562586562,0.18342135242782712,0.46014456420545446,0.3234078370481458],"y":[0.19115964130672852,0.72703378322025569,0.65308656290993061,0.23686153683208627,-0.19730647065881118,-0.67717637367506622,-0.75191062298625144,-0.60401618236560073,-0.49436879157363584,-0.19730647065881129]}