{"s":[0.8,0.1,0.9,0.3,1,0.2,0.4,0.6,0.5,0.7],"r":[0.82022761041915093,0.26217109989966392,0.95258867992133911,0.48668419664335238,1.0834771098097167,0.42185857067871085,0.57033975516626911,0.70623240548027488,0.59273767110623587,0.7379571948238608],"or":[0.84000000000000008,0.28,0.92000000000000015,0.44,1,0.36000000000000004,0.52,0.67999999999999994,0.60000000000000009,0.76],"d":[0.64680590757505,1.4141235386772883,1.9389055943335036,2.599671589584994,-3.1262860530349883,-2.5492251761836608,-1.9571119581488721,-1.3294355246604568,-0.69922882833315936,-0.022474338619603022],"x":[0.65455209566418748,0.040907242681315854,-0.34279094648097996,-0.4169517983610681,-1.0833501872671885,-0.34998280498448969,-0.21489155009354813,0.16880663906874763,0.45364511553445197,0.73777083309286307],"y":[0.49430242458997803,0.25896000293252136,0.8887741896145237,0.25102331586101018,-0.016583703740854536,-0.23553490159692581,-0.52830773041998147,-0.68576127709048207,-0.38150236683430677,-0.016583703740854858]}