{"s":[0.1,0.9,1,0.3,0.4,0.7,0.5,0.6,0.2,0.8],"r":[0.28002560297038021,0.85250395125993894,0.90422863716461266,0.35659313841671864,0.49441630272941856,0.80150160136110882,0.69387184092953313,0.7976064596297946,0.46165753874304566,0.899130132287986],"or":[0.28,0.92000000000000015,1,0.44,0.52,0.76,0.60000000000000009,0.67999999999999994,0.36000000000000004,0.84000000000000008],"d":[0.23869762231112893,1.1725488924303105,1.8744617823823875,2.6716732062639577,-2.9368961565249441,-2.3801752059297194,-1.7815809816158912,-1.2447404012860841,-0.75046150828866809,-0.11200876540711202],"x":[0.27208596132375595,0.33060403758166534,-0.27038240825180304,-0.31794014191500075,-0.48409423645416938,-0.58017396557667056,-0.145176898703164,0.25548073185248155,0.33764441723917338,0.893495799739276],"y":[0.066208518858622653,0.78578874848683677,0.86285733558713407,0.1614705314444535,-0.10050000316658109,-0.55299456294927718,-0.67851440641881033,-0.7555829935191074,-0.31483953148470045,-0.10050000316658136]}