{"s":[0.9,0.8,0.3,0.1,0.7,1,0.2,0.5,0.4,0.6],"r":[0.84592894540186259,0.77214595370154937,0.40744930409821972,0.29136192988382742,0.79560664448763752,1.0504707640498496,0.41436391113380783,0.62604518202655368,0.50969979881405614,0.62968557841113482],"or":[0.92000000000000015,0.84000000000000008,0.44,0.28,0.76,1,0.36000000000000004,0.60000000000000009,0.52,0.67999999999999994],"d":[0.613941061819743,1.2916877087625185,2.022693060215075,2.7328395046952467,-3.0828149130400493,-2.501696294891059,-1.9503038081012896,-1.3461169869035776,-0.75314755466530747,-0.074291137754078473],"x":[0.69144874471514206,0.21272533880019664,-0.17792197094027795,-0.26735869389198652,-0.79423270013587233,-0.84264315705626358,-0.15350651408149837,0.13947896822385752,0.37184626517943242,0.627948705605168],"y":[0.48733398619484952,0.74226498236816807,0.36654973423377413,0.11580631669299998,-0.046737038714059168,-0.627249022310699,-0.38488076203501381,-0.61030991091565023,-0.34860327018431214,-0.046737038714059424]}