{"s":[0.2,0.1,0.7,0.9,1,0.3,0.6,0.8,0.4,0.5],"r":[0.50031637705370069,0.3679713122751872,0.71324949527173209,0.7697015025934445,0.80321701230050091,0.301009065200524,0.62186364681691386,0.87682807811942454,0.64653607619540121,0.75263098656284122],"or":[0.36000000000000004,0.28,0.76,0.92000000000000015,1,0.44,0.67999999999999994,0.84000000000000008,0.52,0.60000000000000009],"d":[0.44136509381067879,0.811524178540721,1.6538694147927915,2.3752676975131837,3.1316704993101863,-2.1992020800674359,-1.6273433484939333,-1.0692352339780682,-0.4638017207272877,0.010589068784373551],"x":[0.45237074498198981,0.25330912929351451,-0.05918371074582246,-0.55454233374289441,-0.80317747461059807,-0.1769499292210629,-0.035145799973565928,0.42157450469931124,0.57823487982260025,0.7525887913113446],"y":[0.21372221745195397,0.26690330023078562,0.71078979374195816,0.53378198094502083,0.0079695123492682877,-0.24350601610956996,-0.62086968679155974,-0.7688318512952842,-0.28922883946572253,0.0079695123492680257]}