{"s":[0.6,0.7,1,0.3,0.1,0.4,0.9,0.2,0.5,0.8],"r":[0.54010981893415455,0.62479260185612062,0.92108804438552527,0.463432239441406,0.37907283657972957,0.6479786937021883,1.0387802069709557,0.4456243617395208,0.601196095015848,0.750779024948906],"or":[0.67999999999999994,0.76,1,0.44,0.28,0.52,0.92000000000000015,0.36000000000000004,0.60000000000000009,0.84000000000000008],"d":[0.56323393866126,1.3364484694322687,2.0109296919007473,2.8143659312086764,-2.8563952118913196,-2.4590358523416675,-1.9329270155023115,-1.5193437964709122,-0.85896380648675663,-0.14253589832370495],"x":[0.45668059990699494,0.145082289078546,-0.39243888601807569,-0.43884130395938459,-0.363760614570169,-0.50280715423555455,-0.36800610533186584,0.022918385647495529,0.39271474963082503,0.743165333948708],"y":[0.2883772636281724,0.60771450923099579,0.83330360988708263,0.14895553193118963,-0.10665097617994557,-0.40873139485674159,-0.97140919536161152,-0.44503462716407582,-0.45520530542240278,-0.1066509761799458]}