{"s":[0.1,1,0.8,0.3,0.2,0.9,0.5,0.4,0.7,0.6],"r":[0.25085105760694631,0.96388033987538491,0.80867372543229232,0.42755486145224769,0.374899330948258,0.96124081694293773,0.64929783664641783,0.5632615017672109,0.78531776268784936,0.67759354392404769],"or":[0.28,1,0.84000000000000008,0.44,0.36000000000000004,0.92000000000000015,0.60000000000000009,0.52,0.76,0.67999999999999994],"d":[0.50951706382530482,1.2519395796539137,1.9126653641478613,2.6087996719151048,-3.0250883202374936,-2.4823389365836066,-1.8779821662066372,-1.2964253475727692,-0.680270336507284,-0.064358279189425216],"x":[0.21898799748826039,0.30215830697100721,-0.2711066957457981,-0.36829223534046018,-0.37235790453200995,-0.75981239055960748,-0.19633299973925847,0.15261091495792742,0.61050815270740733,0.67619073602761548],"y":[0.12235403572667788,0.915295398834006,0.76187555002528973,0.21717271683933467,-0.043578656220471509,-0.58878607261824811,-0.61890308925315818,-0.5421931648488,-0.49396739150559155,-0.043578656220471718]}