{"s":[0.5,1,0.6,0.8,0.3,0.4,0.1,0.7,0.2,0.9],"r":[0.45899336818887454,0.80689158669691863,0.534822737803659,0.80293290407531415,0.53506918367773859,0.69031010000554049,0.477906891852012,0.930051623588853,0.46293133643155454,0.88416765507792927],"or":[0.60000000000000009,1,0.67999999999999994,0.84000000000000008,0.44,0.52,0.28,0.76,0.36000000000000004,0.92000000000000015],"d":[0.3707846834111771,1.254806286884357,2.1007417403876962,2.7480271546180739,-2.7832169854338611,-2.3431040286811013,-1.8818645337590849,-1.3800765767701231,-1.0435904478306157,-0.21389170475559807],"x":[0.427801695848103,0.25074772973473297,-0.27034553635714809,-0.74154677438381511,-0.50107506076276409,-0.48169155877672232,-0.14627571109717649,0.17630583457874982,0.23291028414278328,0.86401946012971842],"y":[0.16631482516857865,0.7669417244583504,0.4614635975280903,0.30791172411549528,-0.1876774221987127,-0.49447070325036524,-0.45497078326269047,-0.91318797365808091,-0.40007277061908764,-0.18767742219871297]}