{"s":[0.3,0.1,0.7,0.9,0.6,1,0.4,0.5,0.2,0.8],"r":[0.58642598304192106,0.36893466970656597,0.71261252574737888,0.770762107026717,0.49575689419808933,0.85647257909472885,0.49523944409494092,0.67498854331467206,0.51306466349824187,1.0093410163216383],"or":[0.44,0.28,0.76,0.92000000000000015,0.67999999999999994,1,0.52,0.60000000000000009,0.36000000000000004,0.84000000000000008],"d":[0.44206279652415259,0.77621967685082183,1.6479957250328559,2.3829438573081925,-3.1310891038068958,-2.3861388598554507,-1.5334797465334213,-1.0061937535185943,-0.43181887573145195,-0.0051589447821013086],"x":[0.53005350567809051,0.26325963326799917,-0.054958630261301294,-0.55939310247049079,-0.49572954736938535,-0.62347819706746621,0.018476353630075631,0.3611729451231685,0.46596841108111514,1.0093275846915697],"y":[0.25087589502590713,0.25847080299927788,0.71049008494972,0.53023917484160232,-0.0052071114718132841,-0.587213944421178,-0.49489466691812561,-0.5702312139098662,-0.21472957133358478,-0.00520711147181357]}