{"s":[0.5,0.9,0.8,0.3,0.4,1,0.7,0.6,0.2,0.1],"r":[0.64700556203825588,0.907737705333042,0.77480843540579547,0.34676049793623487,0.41660457427302594,0.912343834275529,0.73337070973369256,0.70933328045103594,0.43358440565508316,0.36097147263963514],"or":[0.60000000000000009,0.92000000000000015,0.84000000000000008,0.44,0.52,1,0.76,0.67999999999999994,0.36000000000000004,0.28],"d":[0.524777112393919,1.1573727061934838,1.7832286525885346,2.4053427775160867,-3.097787826396984,-2.4399111457562648,-1.7619820031096203,-1.1454829953930423,-0.54206066252900165,-0.050561422257207445],"x":[0.55994166897471254,0.36468077237673024,-0.16335919314486658,-0.256946762979843,-0.4162049346558982,-0.69680976480152668,-0.13935737653024871,0.29267532253287593,0.37142895390827657,0.36051016682798021],"y":[0.32416280578476747,0.83126149672771921,0.7573915008706098,0.23285446940775245,-0.018243455629039004,-0.58892055798538312,-0.7200084162715783,-0.646138420414469,-0.22368721247732307,-0.018243455629039132]}