{"s":[0.3,0.6,0.1,0.7,0.5,0.2,1,0.4,0.9,0.8],"r":[0.45316047661861514,0.771623196769204,0.42065926607885346,0.9140810917560992,0.71530505890995377,0.408484585297095,0.95168558634190648,0.39995923519228382,0.79121700949186446,0.76115212773805163],"or":[0.44,0.67999999999999994,0.28,0.76,0.60000000000000009,0.36000000000000004,1,0.52,0.92000000000000015,0.84000000000000008],"d":[0.95282472428991671,1.4217197594021296,2.0297269331901266,2.4819693944472681,2.9914715875961533,-2.8748111926881093,-2.0185943499533368,-1.40895810914684,-0.59215067151520551,0.14101630534640239],"x":[0.26255352053651432,0.1146053394930624,-0.18634768863489246,-0.72232805028372182,-0.707260007757865,-0.3940341933436432,-0.41206245973085875,0.064446501471736473,0.6565061488646089,0.75359667782683748],"y":[0.36935087169667352,0.763064855665628,0.37713228061044152,0.56016643069657368,0.10697947807181099,-0.10768802580307667,-0.85785195956615534,-0.39473286949993164,-0.44161525405290208,0.10697947807181071]}