{"s":[0.7,0.6,0.9,0.2,0.5,0.1,0.4,1,0.8,0.3],"r":[0.67007725144495578,0.66338798924348219,0.97124456332462428,0.4683260691298991,0.71575403641600466,0.37515870549101055,0.54954882832688934,0.94297133758420482,0.725922918772152,0.31490803372507054],"or":[0.76,0.67999999999999994,0.92000000000000015,0.36000000000000004,0.60000000000000009,0.28,0.52,1,0.84000000000000008,0.44],"d":[0.75585066883492891,1.4396021581634824,1.9985315546541373,2.6361496909528985,3.117565261793668,-2.7424451670708234,-2.1063970618393082,-1.3736337784947756,-0.70747448207087049,0.0546337460167724],"x":[0.48760739341969978,0.086783184188698834,-0.40288305945902503,-0.40976661488956018,-0.71554743838571222,-0.34566847143889878,-0.28046649854709416,0.18471643291824341,0.55170553687036117,0.31443817458944368],"y":[0.45961130619956753,0.65768708609382076,0.883742746611578,0.22676117028409851,0.017196047960176354,-0.14579904718065204,-0.47259121649496377,-0.92470253753047771,-0.47178923746230905,0.017196047960176174]}