{"s":[0.4,0.9,0.2,0.3,0.1,1,0.8,0.7,0.6,0.5],"r":[0.60545219132103079,1.0517997076715264,0.50723705304729827,0.55009138442887118,0.33072511982840874,0.92235073899325148,0.69362256407242051,0.602274189037054,0.58075625745222959,0.59675575862571517],"or":[0.52,0.92000000000000015,0.36000000000000004,0.44,0.28,1,0.84000000000000008,0.76,0.67999999999999994,0.60000000000000009],"d":[0.850026554924126,1.3164175417005808,1.8228936213902371,2.305000768778223,2.6620768483534025,-2.6581250159291816,-1.9756762973057749,-1.2043780553127381,-0.43119127018355818,0.25855345014013154],"x":[0.39957616288135483,0.26467933085211282,-0.12652293222105485,-0.36855945301971826,-0.29342541491284163,-0.81663856229534426,-0.27322378087349286,0.21577904796796665,0.52759876553153362,0.57692010251352033],"y":[0.45487497846380937,1.0179525906826832,0.49120400609756232,0.408368045778166,0.15257991600712742,-0.42875674256341467,-0.637542960870554,-0.56229316307267951,-0.24272901182084144,0.15257991600712725]}