{"s":[0.9,0.1,1,0.4,0.2,0.6,0.7,0.8,0.5,0.3],"r":[0.98350764628744469,0.36189849555339987,1.1038798742363176,0.59121012392338457,0.38747556229513286,0.6610186810754568,0.70538252573276727,0.78013549004151994,0.56152952396983735,0.44739888694113683],"or":[0.92000000000000015,0.28,1,0.52,0.36000000000000004,0.67999999999999994,0.76,0.84000000000000008,0.60000000000000009,0.44],"d":[0.70100673915384559,1.3530729018794831,1.8713263368188406,2.4129918343182135,2.9317208273522137,-2.6215406583116874,-1.9343757345406656,-1.2373512736029679,-0.52271636168446445,0.18142443123465252],"x":[0.75158989540263832,0.0781727370426755,-0.32677769895273462,-0.44110586044181876,-0.37897342850613075,-0.57362761109120286,-0.25084949220359543,0.25533855279066731,0.48654639410386985,0.44005603299344753],"y":[0.63434999758376343,0.35335470036080019,1.0544036761179962,0.39364327825251438,0.080724543121890688,-0.32847687974123257,-0.65927159795514956,-0.7371659285948382,-0.280335535874983,0.080724543121890535]}