{"s":[1,0.5,0.1,0.3,0.4,0.7,0.8,0.2,0.9,0.6],"r":[0.92420622428263921,0.61310699212115494,0.37112693944066238,0.5595162116460719,0.63487103416559976,0.82714985848712563,0.83234519917316385,0.29194108449228479,0.78512873010149453,0.55375322811938732],"or":[1,0.60000000000000009,0.28,0.44,0.52,0.76,0.84000000000000008,0.36000000000000004,0.92000000000000015,0.67999999999999994],"d":[0.745250740327142,1.4671894054526897,2.1564078130755182,2.5720588045776678,3.0685641724378105,-2.6440014536268293,-2.0395201252939588,-1.6044668100074306,-0.67019912006425608,0.0837496931451481],"x":[0.67921568310079694,0.063408543627416866,-0.20512523021267093,-0.47119793932932019,-0.633178852318735,-0.72684541098045741,-0.37601035901999968,-0.0098279401471526168,0.61530381518801269,0.55181234731909956],"y":[0.62675609357443818,0.60981926862218772,0.30928764137739456,0.30171326299414519,0.0463224675382007,-0.3948070882493398,-0.74257305397938111,-0.29177561311219163,-0.48767646841513818,0.046322467538200469]}