{"s":[0.7,0.8,0.2,0.5,0.1,0.4,0.6,1,0.9,0.3],"r":[0.7222407224308488,0.91196086508562513,0.52493348047336552,0.77922231790774477,0.4389727014137651,0.58666246587635384,0.62119043382968553,0.82425927609000071,0.710669970703638,0.30950183730745218],"or":[0.76,0.84000000000000008,0.36000000000000004,0.60000000000000009,0.28,0.52,0.67999999999999994,1,0.92000000000000015,0.44],"d":[0.88834454339132318,1.4528363083780718,2.0804368725800462,2.4968445565624808,2.8583594069827258,-2.8353359615803893,-2.1752067918685287,-1.3806565689680212,-0.6103039785922395,0.4075551590415612],"x":[0.45551547009648974,0.10732561756379894,-0.25609588697210223,-0.62279436117013853,-0.42148266401613088,-0.559364371095631,-0.35300828818167596,0.1557818181685855,0.58237545024550486,0.28415135188192359],"y":[0.56047954257065291,0.90562344893574331,0.45822489630950153,0.46831037189047769,0.12267598183982016,-0.1768738228707496,-0.51113863438068907,-0.809404336131517,-0.40729674957118817,0.12267598183982002]}