{"s":[0.9,0.8,0.3,0.5,0.6,1,0.2,0.7,0.4,0.1],"r":[0.9415278891700497,0.82341963602417956,0.39165633883475626,0.54717910169146067,0.64685379343385185,1.0045425080062154,0.3959905294637594,0.82369128076065934,0.58604005028447,0.32865477859150677],"or":[0.92000000000000015,0.84000000000000008,0.44,0.60000000000000009,0.67999999999999994,1,0.36000000000000004,0.76,0.52,0.28],"d":[0.56445265299789749,1.191199067370478,1.8158820936812698,2.5317453392167204,-3.074472693459795,-2.4534194826800904,-1.7485588976953526,-1.2238135735477806,-0.64556477499482612,-0.13239182273664432],"x":[0.79547952555065071,0.30511520521273527,-0.095031309801734715,-0.44854212188474624,-0.64539727339957009,-0.77591623963090328,-0.070022152613330446,0.2801060480243307,0.46810540780449345,0.32577871926027857],"y":[0.50367359521293253,0.764803640510545,0.37995228372364354,0.31339261992427847,-0.043384208741947934,-0.638012256518992,-0.38975042985015934,-0.77460178663706081,-0.35259079358601109,-0.043384208741948087]}