{"s":[0.2,0.6,0.8,1,0.5,0.3,0.7,0.9,0.1,0.4],"r":[0.44190888048339777,0.66297565299803218,0.72971220531329539,0.83672023663524264,0.46105785791130938,0.38534926584621126,0.78014767098118865,1.0107470153647049,0.42057250235830507,0.64584947619445743],"or":[0.36000000000000004,0.67999999999999994,0.84000000000000008,1,0.60000000000000009,0.44,0.76,0.92000000000000015,0.28,0.52],"d":[0.32961127342423685,1.0349089844329282,1.7393706530496298,2.4828091940432548,-3.0009695444799522,-2.1690370446249569,-1.6969641348644895,-1.1517099870468237,-0.56768141186480192,-0.10022494888886267],"x":[0.41812014600128511,0.3385181472219489,-0.12242896501056608,-0.66162609169841091,-0.45650668820443041,-0.21702469970441854,-0.098168590682539164,0.41129927020603008,0.3546056614307147,0.64260839858678076],"y":[0.14303496830479578,0.57003699921109163,0.71936850856124812,0.51220276178367319,-0.064621915527072749,-0.318424773543801,-0.77394658494031554,-0.92327809429047214,-0.22613282517408179,-0.064621915527072943]}