{"s":[0.4,0.6,0.7,1,0.3,0.2,0.1,0.5,0.9,0.8],"r":[0.38885108139132146,0.55083765525427708,0.68133479019282,0.98341746291478915,0.50993415877826864,0.4629718455463106,0.38133364634936934,0.64793427735920373,0.88625519017514287,0.73976063003035686],"or":[0.52,0.67999999999999994,0.76,1,0.44,0.36000000000000004,0.28,0.60000000000000009,0.92000000000000015,0.84000000000000008],"d":[0.56056935883053649,1.3401677570037136,2.0332769563836233,2.6324840245494512,-2.9670544292220176,-2.4563842810860432,-2.0057693634833509,-1.4126653569152794,-0.76067068374659463,-0.11999104174418397],"x":[0.3293384103468262,0.12591570184946632,-0.30399081160012986,-0.85869977963784772,-0.50218664384676059,-0.35847317332851147,-0.1606886404502646,0.10203200665782201,0.64198003929016145,0.7344415352579694],"y":[0.2067398727130923,0.53625307316022541,0.60975952865846084,0.47931680005573812,-0.0885517985747739,-0.29298449408175825,-0.34582439281859728,-0.63985021481153825,-0.61099090931484523,-0.088551798574774146]}