{"s":[0.3,0.2,0.9,0.8,0.7,0.5,0.6,0.1,0.4,1],"r":[0.47946792921986514,0.32869261705285696,0.80985135791499,0.71136009699103342,0.66718501008195275,0.58166718394178041,0.73339733548871988,0.38968643137215819,0.63974004239459659,1.0891430405268934],"or":[0.44,0.36000000000000004,0.92000000000000015,0.84000000000000008,0.76,0.60000000000000009,0.67999999999999994,0.28,0.52,1],"d":[0.37387615308986349,0.90409736009198283,1.8071483816076579,2.5296359377831203,-3.0187083164849371,-2.3042749759002228,-1.7295831984666084,-1.09438931216216,-0.6465122723524892,-0.075157662851572077],"x":[0.44634564623163586,0.20326193236628354,-0.1896329029526404,-0.58226638663759955,-0.66215391215815878,-0.38940163047461807,-0.11596512133034222,0.17870600515885074,0.51063389828596306,1.0860683811051979],"y":[0.17511441756876844,0.25830877522023993,0.78733638556496777,0.40865516341175223,-0.081780402858513471,-0.432091521622989,-0.72417107256282542,-0.3462942080308774,-0.38538337245439247,-0.081780402858513818]}