{"s":[0.2,0.6,0.4,0.3,0.7,0.8,0.9,1,0.1,0.5],"r":[0.56923765624861522,0.88812774024939534,0.67855146900365426,0.50185885795970187,0.653917731376331,0.61825031313871615,0.68214579745638182,0.84998696941764718,0.34269286933415333,0.73279202092120144],"or":[0.36000000000000004,0.67999999999999994,0.52,0.44,0.76,0.84000000000000008,0.92000000000000015,1,0.28,0.60000000000000009],"d":[0.78032723430452378,1.1959972111353512,1.6267223597299312,2.0449032251456885,2.8415198834685844,-2.6531494196046932,-1.8059711043052353,-1.0513316745495507,0.093971237914934308,0.2669325182554152],"x":[0.40454773177608538,0.32513077425636533,-0.037928912742646675,-0.22912066856278918,-0.624697405488188,-0.54595486873222665,-0.15894880840898423,0.421946690789435,0.3411808917421979,0.70683986513289176],"y":[0.40046553160820358,0.82647496189053049,0.67749058566534925,0.44650423575813553,0.1932913629335101,-0.29011503064077493,-0.66336880036128254,-0.73786098847387316,0.0321558984087483,0.19329136293350987]}