{"s":[0.2,1,0.7,0.9,0.1,0.6,0.5,0.8,0.3,0.4],"r":[0.353958515959769,0.92705344643167664,0.65764770399667438,0.83346332120474464,0.25710937612033136,0.71163622681825689,0.6836697117779359,0.94697965865492251,0.53465655912937848,0.57194989336822433],"or":[0.36000000000000004,1,0.76,0.92000000000000015,0.28,0.67999999999999994,0.60000000000000009,0.84000000000000008,0.44,0.52],"d":[0.33391167114292186,1.1810596292570308,1.868913478840742,2.5768205956312222,-2.7581484313887583,-2.3684404128346905,-1.78239069714627,-1.2454965637372994,-0.72747535628162474,-0.16898024389135335],"x":[0.33440852319162223,0.35222920222062348,-0.19316489558766312,-0.7040353206815988,-0.2384385039259824,-0.50932709995536984,-0.14358361396872815,0.30264792060168816,0.39931126343369849,0.56380348472619235],"y":[0.11600676979056142,0.857532904117313,0.628639662831343,0.44608897658023533,-0.096188934574228849,-0.49700304281883256,-0.668422037789154,-0.89731527907512409,-0.35553923990897263,-0.096188934574229]}