{"s":[0.3,0.1,0.4,0.6,1,0.5,0.2,0.9,0.8,0.7],"r":[0.50492168086603262,0.37276275812106063,0.59900538776289591,0.71540221135576787,0.96580878488313227,0.51977763515593722,0.25252216041726383,0.80877006206604629,0.77820924144683745,0.76287110251195112],"or":[0.44,0.28,0.52,0.67999999999999994,1,0.60000000000000009,0.36000000000000004,0.92000000000000015,0.84000000000000008,0.76],"d":[0.77085446024724691,1.3010831951672472,1.8098816036332563,2.3881839022233842,3.0383946190325455,-2.6517095609821895,-1.950590650617015,-1.2010580607077641,-0.51337067762044508,0.13079139964804209],"x":[0.36218819226354576,0.0993244821996993,-0.14185287493358528,-0.52178653334498959,-0.96067049569326635,-0.45864548151580858,-0.093617403506928432,0.29226636790632687,0.67789345140945123,0.75635541340424983],"y":[0.35180337859867761,0.35928640536176981,0.581966679838334,0.4894273568493499,0.099492751805778587,-0.24456719382090217,-0.23452765990906757,-0.75411496702105041,-0.38219117207157471,0.099492751805778282]}