{"s":[0.2,0.9,0.6,1,0.8,0.5,0.7,0.4,0.3,0.1],"r":[0.48936152966754459,0.88505231558528141,0.52974050115655025,0.75176438571589466,0.6214817489739678,0.51257882235869789,0.791879521525806,0.67031180889556563,0.63940680863427657,0.47539652193400017],"or":[0.36000000000000004,0.92000000000000015,0.67999999999999994,1,0.84000000000000008,0.60000000000000009,0.76,0.52,0.44,0.28],"d":[0.22672476057021523,1.0107883400156783,1.5835780584108921,2.4613386243371433,-2.9895939530186775,-2.1308391859902374,-1.6094684571708546,-1.0198440149578989,-0.56724633309605244,-0.19925826476468761],"x":[0.47683771711936362,0.4701335634688053,-0.0067708165473367443,-0.58443137770669884,-0.61431632610278109,-0.27229340864021,-0.030616035548144016,0.35090746846476961,0.53926531093266139,0.46599016864695841],"y":[0.11000226475374436,0.74986134306483043,0.52969722918746265,0.47285267936498609,-0.094101093465078986,-0.4342733571631181,-0.79128745407674339,-0.57112334019937583,-0.34356075351030779,-0.094101093465079153]}