{"s":[0.5,0.9,0.6,0.8,0.2,0.4,0.7,0.3,1,0.1],"r":[0.55820357116486341,0.8501962037911085,0.60956892653542061,0.81155449422454329,0.38397858551565073,0.59292033505399111,0.86410196775142334,0.53488677765264381,1.0718153308823137,0.29435662645655386],"or":[0.60000000000000009,0.92000000000000015,0.67999999999999994,0.84000000000000008,0.36000000000000004,0.52,0.76,0.44,1,0.28],"d":[0.501800257681394,1.2299111730535057,1.9402255514973894,2.6085501186216535,-2.9016637940389067,-2.3942000924036977,-1.8586598963803589,-1.3196335381376132,-0.70041271716065923,-0.31517741861044873],"x":[0.48938714683759277,0.28423882271174478,-0.22010511304335789,-0.69896346240648421,-0.37297947387968167,-0.43488554924113382,-0.24532230983111325,0.13293564198521379,0.81948453829428081,0.279857030177638],"y":[0.26849850534289238,0.801275156612417,0.568443502390269,0.41239638130904288,-0.091246184572483624,-0.40302491583247618,-0.82854642294261893,-0.51810421731308831,-0.69082066776477735,-0.091246184572483735]}