{"s":[0.8,0.9,0.5,0.2,0.6,0.4,0.7,0.3,0.1,1],"r":[0.6558141471741652,0.7587425271727436,0.54020964130571791,0.42276123004922994,0.80502136356131726,0.68474178257636,0.904771096843603,0.53132131464018439,0.29737758884756049,0.86711215231383632],"or":[0.84000000000000008,0.92000000000000015,0.60000000000000009,0.36000000000000004,0.67999999999999994,0.52,0.76,0.44,0.28,1],"d":[0.59466829288077072,1.3666546980045102,2.1795625726442918,2.928379152660487,-2.9932176158210639,-2.4810459779128404,-1.9771611537968623,-1.5563240917957817,-1.2388756125080556,-0.13768011824670823],"x":[0.54323340369623485,0.15381735901106161,-0.30892200591023511,-0.41318821627468272,-0.79617627482963793,-0.54071109893747182,-0.35763141274405597,0.0076891385095993192,0.0969033143764732,0.85890671757869619],"y":[0.36740939664409944,0.74298751174386757,0.4431632327078241,0.0894570039990383,-0.11900729048475756,-0.42012238251690726,-0.83108995319536094,-0.53126567415931747,-0.2811461861943767,-0.11900729048475787]}