{"s":[0.6,0.9,0.1,0.2,1,0.4,0.8,0.7,0.3,0.5],"r":[0.72203996434707318,0.97900490457521594,0.33255557349428322,0.3920357495323164,1.0003714117346014,0.486998803363286,0.79019509575880176,0.71396195955396757,0.41783577222521429,0.61184967555456415],"or":[0.67999999999999994,0.92000000000000015,0.28,0.36000000000000004,1,0.52,0.84000000000000008,0.76,0.44,0.60000000000000009],"d":[0.68480252860603863,1.2678746410902608,1.8158554360371642,2.3901333461406256,3.0866324700761929,-2.59707261723708,-1.8988784442970381,-1.2244710352640311,-0.51281643365305785,0.089935606364649964],"x":[0.55925169818319964,0.29204708460118789,-0.080682527647937013,-0.28645792283434129,-0.99886092017756312,-0.41656709529857833,-0.25462301336419541,0.242349802967971,0.364087939486844,0.60937689644284532],"y":[0.45670477137153942,0.9344298280546669,0.32261980595501494,0.26764507721383496,0.05495292128641735,-0.25226908171985263,-0.74804773271937575,-0.67157147995691935,-0.20500415818042667,0.054952921286417079]}