{"s":[0.7,1,0.4,0.9,0.3,0.6,0.2,0.8,0.1,0.5],"r":[0.66919405455288394,0.85615106857467538,0.38851991831055233,0.87283690298066086,0.49977377857061506,0.81693401643067165,0.53050862070057181,1.0066320708576177,0.3905375748569101,0.60963222434780839],"or":[0.76,1,0.52,0.92000000000000015,0.44,0.67999999999999994,0.36000000000000004,0.84000000000000008,0.28,0.60000000000000009],"d":[0.4506244491928425,1.2242096552137902,2.0749513353432523,2.6818917047757176,-2.8080238143103431,-2.3679694849040667,-1.8326085176182341,-1.3295921648589988,-1.0127916369426546,-0.2717474659980072],"x":[0.60239196747132773,0.29082546726922764,-0.18768144383323118,-0.78222353250115628,-0.47222617983347059,-0.58442131821937282,-0.13731229529613032,0.24045631873212658,0.2067875389077608,0.58726074629300706],"y":[0.291452569340109,0.80524232365741555,0.34018142595490414,0.38726038321300588,-0.16363454655615017,-0.570817755515961,-0.51243021983303394,-0.97749111753554563,-0.33129822083371951,-0.16363454655615037]}