{"s":[0.1,0.3,0.8,0.6,0.2,0.9,0.7,0.4,1,0.5],"r":[0.35751470151283016,0.533999521357942,0.92035903510371631,0.71971504090802,0.34874063913952952,0.84761928510270879,0.66374217295607163,0.44125738740343434,0.96645909208498626,0.62861166132126534],"or":[0.28,0.44,0.84000000000000008,0.67999999999999994,0.36000000000000004,0.92000000000000015,0.76,0.52,1,0.60000000000000009],"d":[0.80008901577706393,1.2690881599451971,1.8302201644144449,2.3905308975091817,2.8739496895843359,-2.5854315104724654,-1.8949727649579728,-1.1422797514454792,-0.53701508868743575,0.14724789499751861],"x":[0.24906006078511958,0.15867883825632223,-0.23609391578335803,-0.52608630514609445,-0.33632439624590826,-0.7198728966288982,-0.21142061865587816,0.18335213538380216,0.83041983523353,0.62180920455699951],"y":[0.25648752000734965,0.50987892200024809,0.88956192388564181,0.49114452012311333,0.092227619926315119,-0.4474834803399414,-0.62917008365593274,-0.40136028252469674,-0.49441488036309428,0.092227619926314924]}