{"s":[0.1,0.2,0.4,0.9,1,0.7,0.3,0.8,0.6,0.5],"r":[0.44794612929157984,0.47572979603785093,0.52818144739031958,0.78627268514934412,0.78722160548024778,0.5616259239341943,0.35471349492639337,0.83568169933985181,0.78209224253436482,0.75716824047655651],"or":[0.28,0.36000000000000004,0.52,0.92000000000000015,1,0.76,0.44,0.84000000000000008,0.67999999999999994,0.60000000000000009],"d":[0.48767207136357926,0.92922723059512835,1.5276147354473468,2.3265810514000598,3.076269810228232,-2.4012313852534639,-1.4390138255569833,-1.0337189210723048,-0.44061569241421217,0.067919541763432636],"x":[0.39572727975253613,0.28470205259158476,0.022800628012257046,-0.53927294468023279,-0.7855426362621617,-0.41460624808919688,0.046609848428559447,0.42755737508939973,0.70739402123012551,0.75542247890645442],"y":[0.20989438965100229,0.38113459576421788,0.52768908718068031,0.5721970172483164,0.05138699007717755,-0.37884738019463282,-0.35163786131809416,-0.71802408985925037,-0.33355955174496871,0.051386990077177293]}