{"s":[0.6,0.3,0.2,0.8,0.9,1,0.5,0.1,0.4,0.7],"r":[0.81217994102144808,0.52529968340990219,0.36320151420267904,0.70053493084569074,0.71900986251202481,0.81510106081480438,0.52255649423277473,0.3405921175730699,0.63336546007362815,0.90199950554063968],"or":[0.67999999999999994,0.44,0.36000000000000004,0.84000000000000008,0.92000000000000015,1,0.60000000000000009,0.28,0.52,0.76],"d":[0.53379292772457076,0.9633902376164013,1.4008768869518968,2.3387297240012392,3.1029052590770232,-2.4190882832592533,-1.5901232734891142,-0.73732026019846453,-0.43504106895114969,0.030836034071315542],"x":[0.69919224316472051,0.29980924787137692,0.061418447370665083,-0.48662667163598161,-0.71847185337954333,-0.61144971529921355,-0.010098792779548615,0.2521310877712345,0.57436919950148879,0.90157070144533513],"y":[0.41323899101596079,0.43133997296951593,0.3579708287580089,0.503928240712369,0.027809679806227,-0.538998130796323,-0.52245890178007648,-0.22898232493404796,-0.26693038170709915,0.027809679806226711]}