{"s":[0.4,0.1,0.7,0.9,0.5,0.3,0.6,0.2,0.8,1],"r":[0.45983723999288945,0.23565886854819346,0.73826717644961,0.93023064337793415,0.6398684171854937,0.49059831374061752,0.71787980343067459,0.376144231275837,0.81534276408336748,0.94548844642144281],"or":[0.52,0.28,0.76,0.92000000000000015,0.60000000000000009,0.44,0.67999999999999994,0.36000000000000004,0.84000000000000008,1],"d":[0.63050173584515679,1.397687916100433,1.9562655348006228,2.5691826415452965,-3.092335425591985,-2.5153204383503778,-1.9311214621718462,-1.396940038132459,-0.69211501821591781,-0.033327994775119524],"x":[0.37142516688935712,0.04059109221911017,-0.27758399672705569,-0.78195002928160429,-0.6390923259068777,-0.39749163055795045,-0.25310898988504305,0.065066099061122859,0.62773076603845968,0.94496339190363732],"y":[0.27109709088349032,0.23213673892314937,0.68409469270263568,0.50386823831813754,-0.0315054007815508,-0.28755366295966256,-0.67177916863582277,-0.37047386611616551,-0.52032481039430989,-0.031505400781551111]}