{"s":[0.8,0.3,0.4,0.6,1,0.9,0.1,0.2,0.7,0.5],"r":[0.91054313616464821,0.46584408269105931,0.47081001005149264,0.56700162880279747,0.86567964871449876,0.82235130115325972,0.278637710061766,0.41682726298781442,0.84907645611683891,0.70319343901425246],"or":[0.84000000000000008,0.44,0.52,0.67999999999999994,1,0.92000000000000015,0.28,0.36000000000000004,0.76,0.60000000000000009],"d":[0.53991144656518564,1.009142313166224,1.6616623347601946,2.41687958941133,-3.1231562502748074,-2.4153570234264059,-1.4629773043109853,-1.0038318189878623,-0.56400289216525157,-0.022697147713296954],"x":[0.78102220525297439,0.24810242895025114,-0.042721779778844851,-0.42450826148679877,-0.86553253020677456,-0.61485517728781569,0.029984272403429088,0.22386707822282642,0.717573233319302,0.70301231804312958],"y":[0.46807383789134582,0.39427895471006325,0.46886769466152656,0.37587708495528294,-0.015959115022984229,-0.54609044440534582,-0.27701970485310562,-0.35160844480456882,-0.45389369146928321,-0.015959115022984496]}