{"s":[0.5,0.3,0.9,0.2,0.7,0.1,0.6,1,0.8,0.4],"r":[0.62291637303685188,0.54885001454889182,1.0752623801626624,0.51331142021726217,0.86643814063726454,0.32285384983993048,0.60645860036383659,0.85930226314073077,0.69804841050105126,0.448837208752735],"or":[0.60000000000000009,0.44,0.92000000000000015,0.36000000000000004,0.76,0.28,0.67999999999999994,1,0.84000000000000008,0.52],"d":[0.88187222271858023,1.4898903026509487,1.9305540659551079,2.4204914879007764,2.9956942678903262,-3.0184749472650849,-2.0956991991860443,-1.3137065608706875,-0.56013565004369548,0.28446607363340976],"x":[0.39599231963799497,0.04435684382217471,-0.37854342395166357,-0.38553752145612785,-0.85723283899174607,-0.32041003469828427,-0.30391396493275108,0.21849224819963731,0.59137477991152554,0.43079917439084631],"y":[0.480848095124756,0.5470546671736326,1.0064263819952382,0.33889442850971807,0.1259639285871611,-0.039648682463716611,-0.52481266741011323,-0.8310604772911836,-0.37087390456547209,0.12596392858716088]}