{"s":[0.7,0.2,0.8,1,0.4,0.3,0.5,0.1,0.6,0.9],"r":[0.66113254562185364,0.23018531765303402,0.7209015945878573,0.9401577569195454,0.55143086862847279,0.53293225546557654,0.71587317980075593,0.38986084804737747,0.73048333355912554,0.889259407262029],"or":[0.76,0.36000000000000004,0.84000000000000008,1,0.52,0.44,0.60000000000000009,0.28,0.67999999999999994,0.92000000000000015],"d":[0.50007140646867654,1.196445587551916,1.9712762879199361,2.6352688733594234,-2.9167040791237993,-2.3539387502578042,-1.8656118134520017,-1.4167398068053905,-0.785588410412598,-0.13872570997688138],"x":[0.5801757583891991,0.084171476057619821,-0.281050963054813,-0.82219922155151659,-0.53754526628909116,-0.375989000661289,-0.20800647523232652,0.059823313450124226,0.51643144111916639,0.88071630156224145],"y":[0.31700525588379458,0.21424388691701265,0.663859522222343,0.45594412812983032,-0.122967839561985,-0.37768910534638367,-0.684987383693648,-0.38524362682342783,-0.51662797759241963,-0.12296783956198529]}