{"s":[0.4,0.6,0.9,0.3,0.8,0.5,0.7,0.2,0.1,1],"r":[0.5218660928164871,0.62979549479827912,0.84505910630863867,0.36838512983193522,0.81655341705865481,0.63070629228707953,0.8394856015262292,0.45617955479325312,0.36807941377646258,1.0606783798100652],"or":[0.52,0.67999999999999994,0.92000000000000015,0.44,0.84000000000000008,0.60000000000000009,0.76,0.36000000000000004,0.28,1],"d":[0.45494742940208271,1.1543021689587654,1.8682973728795536,2.62633513806208,-3.0418328564875954,-2.3700498538928141,-1.8082410294086118,-1.2257747320061232,-0.74147385378417241,-0.076747153414666744],"x":[0.46878402902328981,0.25478805509097419,-0.24771381909922288,-0.32055616260098596,-0.81249360888263533,-0.452112861205032,-0.19746363168020328,0.15428768025293474,0.27144898111722082,1.0575561483729685],"y":[0.22931583670614153,0.57595608534954112,0.80793734718877341,0.18152506851623007,-0.081324156528282787,-0.43975491795261873,-0.81593148568585083,-0.429296049287131,-0.248591845192973,-0.081324156528283148]}