{"s":[0.1,0.5,0.9,0.6,0.7,0.8,1,0.4,0.2,0.3],"r":[0.46117392594962719,0.6952512988414109,0.87710869603089714,0.530603541420289,0.52738878887054785,0.62596767398791531,0.87891072514329627,0.56304511939768209,0.508116628469373,0.62373752717949849],"or":[0.28,0.60000000000000009,0.92000000000000015,0.67999999999999994,0.76,0.84000000000000008,1,0.52,0.36000000000000004,0.44],"d":[0.4346219485405769,0.99436126943033787,1.6515090030850659,2.2305178765971712,3.0720796752775765,-2.3709815434362911,-1.6783901769458593,-0.88797496312230462,-0.3326798132064217,0.058761796538565364],"x":[0.418298259684321,0.37893873851781679,-0.070716950503196319,-0.32520524163679387,-0.52611511627175644,-0.44912249185697983,-0.0943830393990393,0.35527264962197386,0.48025688479441386,0.62266097015574706],"y":[0.19418536484725252,0.58290633981043172,0.87425326854667762,0.41926324544336918,0.036630848429970886,-0.43603270082187418,-0.87382830387079724,-0.43680791076642866,-0.16593924410653429,0.036630848429970692]}