{"s":[0.2,0.4,0.9,0.6,1,0.7,0.5,0.8,0.1,0.3],"r":[0.53536468120741521,0.59924282072509438,0.84223459373346754,0.49486281045171721,0.757164372599346,0.58705002956890528,0.56689434212270373,0.91621949927710244,0.46801552084822406,0.64337860988846785],"or":[0.36000000000000004,0.52,0.92000000000000015,0.67999999999999994,1,0.76,0.60000000000000009,0.84000000000000008,0.28,0.44],"d":[0.3726194118586727,0.90177440700102962,1.6433780935684381,2.2729072913546204,-3.1272270741833448,-2.2805243830702069,-1.5088633502386302,-1.0349083185168138,-0.37386666206109687,-0.0169064510388414],"x":[0.49862631237975619,0.3716618127928788,-0.061077214929175422,-0.31959764744546437,-0.75708624598573337,-0.38253795204740459,0.03508701345350318,0.46782604117555737,0.43568600777781608,0.64328666423999992],"y":[0.19490290528076551,0.47006324585323483,0.84001707405139947,0.37781813735644937,-0.01087673080437879,-0.44530040698412809,-0.5658074731016256,-0.78777977002052424,-0.17092755887060238,-0.010876730804379014]}