{"s":[0.7,0.9,0.4,0.2,0.1,0.3,0.8,1,0.5,0.6],"r":[0.66560084945215336,0.91144146523674086,0.61221119999426066,0.4966515356878507,0.4139019275021385,0.51693781638359326,0.80548768251910652,0.86524860804628023,0.4271602905054796,0.51598235879325249],"or":[0.76,0.92000000000000015,0.52,0.36000000000000004,0.28,0.44,0.84000000000000008,1,0.60000000000000009,0.67999999999999994],"d":[0.82892982091313649,1.4249940601875128,2.0730553402132434,2.5787734118531933,2.9915226928436405,-2.7727508150854749,-2.075714408902849,-1.3893336735774808,-0.70449257215943351,0.12021858913733764],"x":[0.44972325929984475,0.13241989496196149,-0.29472262517110109,-0.42004512406021177,-0.40924992675133248,-0.48217143715735866,-0.38964318520067071,0.15615003496935359,0.32547063310555091,0.512258227402776],"y":[0.49068674410070695,0.90177076686437341,0.53660146068629677,0.26499970123443867,0.061881362654797184,-0.18637438449809793,-0.7049741803191637,-0.85104190279039438,-0.27664920164460549,0.06188136265479699]}