{"s":[0.9,0.1,0.8,0.5,0.6,0.3,0.2,0.4,1,0.7],"r":[0.79801438804294467,0.25340675613294444,0.87438856536566623,0.70625462406647388,0.81641296710849076,0.564812213090537,0.43686992855944989,0.51105788441395472,0.90057995526248391,0.61978713450019918],"or":[0.92000000000000015,0.28,0.84000000000000008,0.60000000000000009,0.67999999999999994,0.44,0.36000000000000004,0.52,1,0.76],"d":[0.71249852025215954,1.7772854300256526,2.0421276114489477,2.6487609856524785,-3.1201689474689354,-2.6323515092971022,-2.1776593554198707,-1.5277520413282293,-0.73444463700662477,-0.028221907852177722],"x":[0.603882138680721,-0.0519546838232762,-0.39703607717376593,-0.62220796966630276,-0.81622561762850532,-0.49314585299819491,-0.24914405145212759,0.021991329037542945,0.66841319701477464,0.61954032806760306],"y":[0.52168316640078949,0.24802357727168797,0.77904923892183819,0.3341449333732498,-0.017489253553387048,-0.27535432396625409,-0.35886289318562659,-0.51058451079995526,-0.60354623176444877,-0.017489253553387315]}