{"s":[1,0.8,0.2,0.6,0.4,0.3,0.5,0.7,0.1,0.9],"r":[0.79376526528086211,0.69395378690412091,0.36521590671958637,0.7710352921364485,0.69108630947500949,0.63267209838776473,0.75509875713056884,0.82123101021220835,0.27170901298969208,0.74979753891759915],"or":[1,0.84000000000000008,0.36000000000000004,0.67999999999999994,0.52,0.44,0.60000000000000009,0.76,0.28,0.92000000000000015],"d":[0.64814766214492825,1.4426871769016103,2.4383932998222368,2.7518840906125068,-2.992139499009304,-2.5381531527845165,-2.0557850341837405,-1.4925700160293562,-1.3634739185324043,-0.137672816887794],"x":[0.63279240150561433,0.088658853715932434,-0.2785783653018567,-0.71322292834597112,-0.68338252826065571,-0.52093502408145909,-0.35202580910541464,0.06417637244807961,0.055928688712077596,0.74270299727079725],"y":[0.4792046253565953,0.68826700198131463,0.23617102469768575,0.29293083859767333,-0.10290095826503595,-0.35902741505855379,-0.66802092986957218,-0.81871958896411512,-0.26589052167909288,-0.10290095826503624]}