{"s":[0.7,0.2,1,0.1,0.8,0.9,0.5,0.4,0.6,0.3],"r":[0.90000643505310884,0.46408074629522711,1.0620332867733384,0.26350109440720754,0.76862380946627662,0.83460746916077433,0.53930774845810092,0.52571683224188992,0.75715887589085118,0.55796750692979524],"or":[0.76,0.36000000000000004,1,0.28,0.84000000000000008,0.92000000000000015,0.60000000000000009,0.52,0.67999999999999994,0.44],"d":[0.6142019559853239,1.0876590105276134,1.7778069658804372,2.1004091326250336,3.06672626608373,-2.4980513058020777,-1.7397290107990617,-1.0388764544565934,-0.48822567982868159,0.10321848140881439],"x":[0.73551552149254085,0.21559320391625575,-0.21828531468403584,-0.13312054985406024,-0.76647075640489393,-0.66766582452889189,-0.090673985683950256,0.26663773551628994,0.66869736215818687,0.55499783669388314],"y":[0.51867957428508937,0.41096290526890467,1.0393585635418949,0.22740216788841033,0.057490347490347614,-0.50079134810328729,-0.531630582140581,-0.45308112485645713,-0.35515264490494791,0.0574903474903474]}