{"s":[0.8,0.4,0.9,0.1,1,0.3,0.7,0.5,0.2,0.6],"r":[0.83943089013393379,0.49906060676258529,0.92380585563899809,0.28205242137242659,1.0542066706363542,0.49224559866501028,0.83171845800401367,0.65732271547525456,0.38821547460371258,0.694277344335545],"or":[0.84000000000000008,0.52,0.92000000000000015,0.28,1,0.44,0.76,0.60000000000000009,0.36000000000000004,0.67999999999999994],"d":[0.60018193287087152,1.2586627869829559,1.9122930729725849,2.6550221733925223,-3.1043790035898473,-2.4652804350764415,-1.8861710988778513,-1.2950620141852267,-0.73114011271274648,-0.056523112373364846],"x":[0.69272596617840709,0.15325641302312623,-0.30938053252239733,-0.24931789329129356,-1.0534767927906621,-0.3838955875012508,-0.25797642746178379,0.178958465553433,0.28899288354853531,0.69316857934555121],"y":[0.47410437151880463,0.47494627179242571,0.87046019151312093,0.13188690794328312,-0.03922182384447763,-0.30810697379667323,-0.79069827131379844,-0.63249270342552033,-0.25921876471445604,-0.039221823844477928]}