{"s":[0.5,0.6,0.7,0.2,1,0.3,0.8,0.1,0.9,0.4],"r":[0.61415716737236425,0.68188490836727877,0.76175441662691834,0.35291881412827203,1.0420967248713411,0.47718585770421434,0.91083351017004233,0.32781552584582652,0.98914879627956809,0.55190450938222979],"or":[0.60000000000000009,0.67999999999999994,0.76,0.36000000000000004,1,0.44,0.84000000000000008,0.28,0.92000000000000015,0.52],"d":[0.57736609017544915,1.2326338324070292,1.8912552199146084,2.5817012754622715,-3.1087250543284237,-2.4476776454289713,-1.8669866125994494,-1.2712761146598728,-0.65271605569168034,-0.062088754312494734],"x":[0.51460425118108866,0.22621819122037029,-0.2399542600280832,-0.29903263014378123,-1.0415338978953594,-0.36683570358752038,-0.26585272954188638,0.096725843651355364,0.78581654495604525,0.55084105144221529],"y":[0.33521857183216619,0.64326694165022669,0.72297423491089341,0.18743312267312398,-0.034245051065439243,-0.30518504119034995,-0.87117163030243883,-0.31322057747777254,-0.60075593950843476,-0.0342450510654395]}