{"s":[0.4,0.2,0.5,1,0.7,0.6,0.9,0.8,0.1,0.3],"r":[0.70373641542900278,0.504206203656727,0.62675882490123447,0.87342756344696437,0.54859052614643089,0.46168138659317126,0.77592493415248376,0.82635471931700322,0.41919629477838549,0.62158128754034936],"or":[0.52,0.36000000000000004,0.60000000000000009,1,0.76,0.67999999999999994,0.92000000000000015,0.84000000000000008,0.28,0.44],"d":[0.55422888186688035,0.93569548392840973,1.5512920534529224,2.3137999156009919,3.004871398897512,-2.4002025031763812,-1.6785019208518897,-1.0056074188175506,-0.20271669026756392,0.12058283959303273],"x":[0.5983916645669779,0.2991247154396211,0.012223700389386333,-0.59087629937959152,-0.54347118865458155,-0.34050409644347174,-0.083409971294025442,0.44257522296473834,0.41061251236488794,0.6170677957407309],"y":[0.37036786871652816,0.40589198122049,0.62663961392523437,0.643226948611748,0.0747705321633736,-0.31177983102152096,-0.77142872653814631,-0.6978461823032317,-0.08439726444217141,0.0747705321633734]}