{"s":[1,0.8,0.2,0.4,0.1,0.3,0.9,0.5,0.7,0.6],"r":[0.82661124972986488,0.77390494132385534,0.43865934781541649,0.66167497276274845,0.45750153774319746,0.5911437762470918,0.97529584832950234,0.56277233883836075,0.60565379301361733,0.47747292160626775],"or":[1,0.84000000000000008,0.36000000000000004,0.52,0.28,0.44,0.92000000000000015,0.60000000000000009,0.76,0.67999999999999994],"d":[0.753122194795642,1.4828148551116729,2.3025795747662796,2.6869224942141536,-3.1261571765481593,-2.6882287128510276,-2.0638559251280051,-1.5782967989520069,-0.81821614822594968,-0.014789805229584488],"x":[0.6030601037476393,0.068001486091200131,-0.29311103776958147,-0.59445272047801989,-0.45744703805068132,-0.531425729729301,-0.4616302155712797,-0.00422101868095634,0.41397913150148247,0.4774207017413219],"y":[0.56533589081877289,0.77091157475735717,0.32635554685570389,0.29058515567190463,-0.0070614740705361939,-0.25891631462183218,-0.85912719421537187,-0.5627565089476031,-0.44208347138641124,-0.0070614740705363891]}