{"s":[0.2,0.1,0.8,0.3,0.7,0.9,0.6,0.5,0.4,1],"r":[0.48416169097747191,0.40411496678348069,0.92343442802079623,0.45933986517548431,0.69513262832708522,0.80273349620404966,0.56248747941344313,0.5372745102055454,0.53732981688972969,1.0834362998484028],"or":[0.36000000000000004,0.28,0.84000000000000008,0.44,0.76,0.92000000000000015,0.67999999999999994,0.60000000000000009,0.52,1],"d":[0.70938476162618735,1.1584660086236753,1.7728620444794669,2.2319509628474457,2.9928054706050102,-2.5621344141007629,-1.8144802363813732,-1.0631762402311145,-0.38870083172520814,0.095253995595023511],"x":[0.36736386363762819,0.16194722494846953,-0.18532723782611679,-0.28204781276860558,-0.68745251929436824,-0.671694818612346,-0.13571660028689028,0.26116850002692266,0.49724619891887478,1.0785248310300743],"y":[0.31536698416828468,0.37024586791739289,0.90464631639875537,0.36254950427752308,0.10304564367671176,-0.43955333757953041,-0.54586918662208539,-0.4695262654104625,-0.20364073703333835,0.10304564367671142]}