{"s":[0.2,0.8,0.3,0.1,0.7,0.4,0.5,1,0.6,0.9],"r":[0.390265949294237,0.945347014774621,0.60282566091253353,0.4472230913969899,0.87969794857305073,0.5576346271912126,0.52957857763008309,0.84700249416129925,0.519636326268778,0.82591451498781887],"or":[0.36000000000000004,0.84000000000000008,0.44,0.28,0.76,0.52,0.60000000000000009,1,0.67999999999999994,0.92000000000000015],"d":[1.0778607620272402,1.4083325954655574,1.9872426488971064,2.4163936828543728,2.9914907964392707,-2.8222952687916956,-2.158092395932742,-1.3293736894128179,-0.54497264603153273,0.15995805075577479],"x":[0.18467931166565998,0.15290986395891054,-0.24385085345282026,-0.33468721012669173,-0.86980649417294287,-0.52944965579882364,-0.29344594312928679,0.20250495363537663,0.44436257256183576,0.81537086203111042],"y":[0.34380381472757104,0.93289846813431687,0.55130349057933969,0.29663608151452525,0.13154901526886492,-0.17504125061593293,-0.44084345106360079,-0.822438428618578,-0.26937671704202482,0.13154901526886462]}