{"s":[1,0.8,0.9,0.7,0.5,0.3,0.1,0.2,0.4,0.6],"r":[0.76228032392381917,0.53504975697746238,0.66407328163845813,0.66583636042550332,0.6769947157687729,0.6346431989673913,0.52117595770208214,0.57368899451874766,0.63224447540399509,0.62879677847166715],"or":[1,0.84000000000000008,0.92000000000000015,0.76,0.60000000000000009,0.44,0.28,0.36000000000000004,0.52,0.67999999999999994],"d":[0.41101184402092489,1.2259204305605031,2.093919859848163,2.8809487525983197,-2.7641727385944619,-2.25132755165542,-1.8534210113178513,-1.4991367309782948,-1.0165415371520132,-0.40799630283343913],"x":[0.69879534918794239,0.18088955957856748,-0.33176328928703253,-0.64334723357166146,-0.62934684594410806,-0.39932130943355171,-0.14534407151772349,0.041075146251585565,0.3327564629807776,0.577183676083534],"y":[0.30455927533848703,0.50354464516774822,0.57526206486045972,0.17158786647187715,-0.24948826160572127,-0.49326917786117297,-0.50049923053021117,-0.57221665022292256,-0.53759298081670981,-0.24948826160572149]}