{"s":[0.6,0.5,0.2,0.7,0.8,0.9,1,0.1,0.3,0.4],"r":[0.85830926208129388,0.73013502258371421,0.41693711141659667,0.65529095535062032,0.63389562538568023,0.69914536399508831,0.8547764279038903,0.32636549116740232,0.5605737228568054,0.69633851198713059],"or":[0.67999999999999994,0.60000000000000009,0.36000000000000004,0.76,0.84000000000000008,0.92000000000000015,1,0.28,0.44,0.52],"d":[0.57268071274849985,1.0441090998728131,1.3806569370569322,2.2477429699931246,3.0201702838419111,-2.4449521743124909,-1.7037921286416797,-0.59134692734259153,-0.31652950182476941,0.11048728982001629],"x":[0.72136718090131191,0.36701864265896306,0.078799352270940759,-0.41048466677251516,-0.62922847794064374,-0.53624598318071848,-0.11334684132107423,0.27094554586295555,0.53272520628900732,0.69209257823274473],"y":[0.46510663260485674,0.63118497062595946,0.409423029345072,0.51079210497910588,0.076780117423740829,-0.44860281488012216,-0.84722797124662375,-0.18194214740396136,-0.17448998063462856,0.076780117423740607]}