{"s":[0.1,0.7,0.8,0.9,0.3,0.6,0.5,1,0.2,0.4],"r":[0.34701740192520847,0.75384618212262833,0.76814602595919657,0.80966159102430679,0.34085693709027665,0.62890400323237383,0.61770500257896377,1.0712613903768862,0.46566162952470047,0.61930780780714312],"or":[0.28,0.76,0.84000000000000008,0.92000000000000015,0.44,0.67999999999999994,0.60000000000000009,1,0.36000000000000004,0.52],"d":[0.35342012291884645,1.1119907875463917,1.7784988699988229,2.4843658857183177,-3.01287371303864,-2.36292781569393,-1.7081243077835397,-1.180372657649468,-0.57804062366223741,-0.07070824369393798],"x":[0.32556980694370286,0.33386150572483597,-0.1584012109010273,-0.6410005856969484,-0.33803707846470177,-0.44768650716881808,-0.084561803407147973,0.40770091321871527,0.39000783311974629,0.61776028980930409],"y":[0.12010569530859772,0.67588502076611245,0.751636463712342,0.49464142680954343,-0.04375368722306594,-0.44169790194282055,-0.611889509319786,-0.99064672405093268,-0.254430036192348,-0.043753687223066121]}