{"s":[0.3,1,0.8,0.2,0.9,0.5,0.1,0.4,0.7,0.6],"r":[0.36701087424823753,0.88094435257654657,0.73246809470052421,0.32057125844595546,0.94368210002010888,0.689221868589594,0.39986782240192587,0.63152266821657188,0.82457644927755225,0.67472525078126866],"or":[0.44,1,0.84000000000000008,0.36000000000000004,0.92000000000000015,0.60000000000000009,0.28,0.52,0.76,0.67999999999999994],"d":[0.38667783679469725,1.2317816899059477,1.9565544438587679,2.8525166869612155,-3.0138630682872445,-2.3855015552521892,-1.8301752434357206,-1.3397051614357993,-0.7580545647700121,-0.17911559286490078],"x":[0.33991336092000207,0.29296506973644665,-0.27559965422282939,-0.30727001826677469,-0.93599454580303565,-0.50142503202280775,-0.1025582164960933,0.14464383739924405,0.59878671259471272,0.66393075536272161],"y":[0.13840480080013132,0.83080347871854132,0.67864154039262359,0.091384175960390085,-0.12020863581844562,-0.47286332211650528,-0.3864920278888021,-0.61473493537767909,-0.56690457179598808,-0.1202086358184459]}