{"s":[0.4,0.9,1,0.6,0.3,0.2,0.7,0.1,0.8,0.5],"r":[0.40625597877691,0.712745309910431,0.8086293509747674,0.5982332460351365,0.49875499809937279,0.5132326761669822,0.94872273099589766,0.46739926574838814,0.94563381583103612,0.60447085532207112],"or":[0.52,0.92000000000000015,1,0.67999999999999994,0.44,0.36000000000000004,0.76,0.28,0.84000000000000008,0.60000000000000009],"d":[0.25337685314028652,1.1995598554373952,1.9877671071047807,2.8100388840081747,-2.728835056918955,-2.219167644404572,-1.8420854453968565,-1.435140537556197,-0.81438807964138649,-0.33734411077637277],"x":[0.39328481531769793,0.25856115587486861,-0.32748893519148853,-0.56565209563336072,-0.45686862238645704,-0.30993558604641192,-0.25423267380819403,0.063211125519416114,0.6490013249046469,0.57040109127349148],"y":[0.10183798079552328,0.66419274722927246,0.73934594378073015,0.19473244045952778,-0.2000690131124914,-0.4090815473565016,-0.91402438035133982,-0.46310520104259356,-0.68776492634851538,-0.20006901311249159]}