{"s":[0.9,0.1,0.6,0.7,0.2,0.8,0.4,1,0.5,0.3],"r":[0.99430570382869876,0.36706513514399147,0.784279223337627,0.84327510674979955,0.38973880256200882,0.82901818725821363,0.46194097998848438,0.95093800780642668,0.56683004648426827,0.45306882868507292],"or":[0.92000000000000015,0.28,0.67999999999999994,0.76,0.36000000000000004,0.84000000000000008,0.52,1,0.60000000000000009,0.44],"d":[0.70137583583534857,1.3501146637194708,1.8631007508701019,2.4396922349797205,2.926541793342428,-2.6009316951177537,-1.9591943237903002,-1.2386128985577929,-0.51873002429912118,0.18461535406745505],"x":[0.75960493914180116,0.0803486513940745,-0.22599763759783154,-0.64393880544756266,-0.3807613804991245,-0.71077422185658012,-0.17493992276584736,0.31010836813800385,0.49226327350573179,0.44536979936137855],"y":[0.6415950195393233,0.35816324163351859,0.75101196259398606,0.54447747474312647,0.083169136961191367,-0.42669797321884206,-0.4275342002874164,-0.89895266543997743,-0.28102165602454704,0.083169136961191215]}