{"s":[0.8,0.9,0.5,1,0.3,0.2,0.4,0.7,0.1,0.6],"r":[0.70139229993369945,0.726334329207348,0.44638309303441348,0.93401390798344941,0.51069577836486968,0.51074670518126664,0.69880944634260922,0.91482096283887793,0.38769032118909025,0.65531351153001161],"or":[0.84000000000000008,0.92000000000000015,0.60000000000000009,1,0.44,0.36000000000000004,0.52,0.76,0.28,0.67999999999999994],"d":[0.45588700340338922,1.2360161477396254,2.1019655374216111,2.6968353568607824,-2.781930233498715,-2.2754144677265042,-1.8635223346651573,-1.3618912415480402,-1.0836409161861253,-0.277847596654379],"x":[0.6297597147610956,0.23864554084216971,-0.2261116948215004,-0.84314846987856018,-0.47801926190341448,-0.33083257956911483,-0.20165078768130734,0.18972372656178316,0.18148331074033069,0.63018095425423615],"y":[0.308794203427312,0.68601010460578227,0.38487837976680184,0.40184902394799749,-0.1797436043062865,-0.38911695047782874,-0.66908265716962978,-0.894931450798865,-0.34258954021748611,-0.17974360430628672]}