{"s":[0.3,0.9,1,0.5,0.7,0.8,0.4,0.6,0.2,0.1],"r":[0.49734547469518364,0.82521542310275253,0.80338804588815949,0.39052284140185783,0.60871862458148163,0.79756454467396753,0.60840909089428286,0.82899772392145377,0.53758600231582832,0.42992425117108429],"or":[0.44,0.92000000000000015,1,0.60000000000000009,0.76,0.84000000000000008,0.52,0.67999999999999994,0.36000000000000004,0.28],"d":[0.24153119097041728,1.0456508467813483,1.7701602702475341,2.574574577767812,-2.9251388536374945,-2.27582526162888,-1.5969373812391583,-1.1454029720183163,-0.6728363227639762,-0.30897652816417664],"x":[0.48290896205409034,0.41371258151273704,-0.15910771894945014,-0.32940850497620688,-0.59451429563711011,-0.51686638198319867,-0.015902643833903524,0.34211004395496342,0.42042300305175972,0.40956531292278153],"y":[0.11895989058341766,0.71401848325146444,0.78747513360530841,0.20975730382020288,-0.13073299581774145,-0.60741941531086352,-0.60820122311772751,-0.75511452382541544,-0.33502717560050821,-0.13073299581774159]}