{"s":[0.2,0.7,0.6,0.5,0.1,0.9,0.8,0.4,1,0.3],"r":[0.4359478015404602,0.86045320930062152,0.77138343503194551,0.65312015359699727,0.28283955517402826,0.86176575027383673,0.75216287991127717,0.44132087060624231,0.96861543433561559,0.46848619947691855],"or":[0.36000000000000004,0.76,0.67999999999999994,0.60000000000000009,0.28,0.92000000000000015,0.84000000000000008,0.52,1,0.44],"d":[0.783009163544714,1.273365646089258,1.8280410330790053,2.3821546319271016,2.8017278940270054,-2.5912960285080633,-1.9040928987090091,-1.1570454203811582,-0.54004551203314521,0.20264351814330417],"x":[0.30899720336715525,0.25216843537340977,-0.19625297546092033,-0.47365779319781603,-0.26666106412759155,-0.73454279205280648,-0.24607757666473504,0.17743153356768798,0.830767201077136,0.45890001988553508],"y":[0.30752433071098195,0.82267296393953881,0.74600078650388779,0.44968236565106734,0.094287278300853955,-0.45065185563613974,-0.71077058477348209,-0.40408187503087795,-0.49803786728283506,0.094287278300853816]}