{"s":[0.6,0.3,0.7,0.8,0.5,0.1,0.2,0.4,0.9,1],"r":[0.51160608911156558,0.35267629863199984,0.742571917888295,0.90170602244488418,0.72053933441966156,0.41556646328908214,0.45348484642767473,0.52559852914604055,0.808749835162344,0.82125415344664554],"or":[0.67999999999999994,0.44,0.76,0.84000000000000008,0.60000000000000009,0.28,0.36000000000000004,0.52,0.92000000000000015,1],"d":[0.7125007582274212,1.6023021134477884,2.0888083983632573,2.6509406130083564,-3.0722957171620262,-2.6169747116157671,-2.1516074224798007,-1.5467026861153119,-0.78192715298898452,-0.060787460979112987],"x":[0.38714738302449003,-0.011109506099724636,-0.36768745153845639,-0.79532797931863686,-0.71880998811906671,-0.35967916161327429,-0.24882813639221257,0.012662356929524027,0.5738540191839312,0.81973730617019636],"y":[0.33445133313132419,0.352501277289867,0.64515036326228326,0.424884874085096,-0.049891215922205169,-0.20814991259130558,-0.37912143764117345,-0.52544598062738146,-0.56988407640639238,-0.049891215922205474]}