{"s":[0.6,0.1,0.7,0.4,0.9,0.5,0.8,0.3,1,0.2],"r":[0.82284705863799579,0.39879838849653854,0.84437051671668084,0.52873739128172481,0.868725162118635,0.502537478998114,0.76704320797613768,0.41912287858791664,1.0644745997934402,0.46735403345691051],"or":[0.67999999999999994,0.28,0.76,0.52,0.92000000000000015,0.60000000000000009,0.84000000000000008,0.44,1,0.36000000000000004],"d":[0.64611483211716725,1.110743383621051,1.7561609702741083,2.2891760664756964,3.04744388285841,-2.5424160967877247,-1.8092997152929748,-0.99490439559103794,-0.517710268910321,0.17564862236709955],"x":[0.65698498312324127,0.17706470832677673,-0.15562165960406837,-0.34799680784218823,-0.864877819257281,-0.41499559390655028,-0.18121291867567205,0.22824722646998358,0.92498012738068913,0.4601630445109911],"y":[0.49542710246791682,0.3573349181546488,0.8299056985962141,0.3980721676669331,0.08166862956373587,-0.28341237593995333,-0.74533023620900329,-0.35152125250769906,-0.526799712942413,0.081668629563735662]}