{"s":[0.1,0.3,0.6,0.7,1,0.8,0.2,0.5,0.9,0.4],"r":[0.422016960410018,0.52440163455900846,0.661844613114974,0.64189914515795421,0.81687558567955676,0.67534269046904194,0.30528221815668261,0.622086623733524,1.0089483698202752,0.66220396756228639],"or":[0.28,0.44,0.67999999999999994,0.76,1,0.84000000000000008,0.36000000000000004,0.60000000000000009,0.92000000000000015,0.52],"d":[0.47057552145925396,0.98914738410773684,1.6439423767127319,2.3299758678243596,3.1032193831211887,-2.4149515542522346,-1.41367989152988,-0.99988408540541673,-0.51209348269492516,0.047342218491873596],"x":[0.37614687973732414,0.2881075533484857,-0.048368161115770969,-0.44183620162926668,-0.81627423160545787,-0.5047579771190045,0.047767757302587963,0.33617551255766509,0.8795210836552263,0.661462012030166],"y":[0.19134220584488343,0.43816790392691851,0.66007485401247368,0.46563428083028252,0.031338495436734164,-0.44867263578771405,-0.30152192969159874,-0.52342887977715391,-0.4943879816186143,0.031338495436733921]}