{"s":[0.8,0.9,0.7,1,0.5,0.1,0.2,0.4,0.6,0.3],"r":[0.7032938396406595,0.67543150181112965,0.51929792729928914,0.84562553743294888,0.61630448549303352,0.43992441644266811,0.56489933741738552,0.71948368181939515,0.81058897772578686,0.48331791230698873],"or":[0.84000000000000008,0.92000000000000015,0.76,1,0.60000000000000009,0.28,0.36000000000000004,0.52,0.67999999999999994,0.44],"d":[0.36195623247904779,1.147540371955599,2.0126500512894854,2.7284339996016209,-2.7661397477167569,-2.0789384325032274,-1.7544003208048118,-1.3486820632224457,-0.85293451845254331,-0.48656353422601867],"x":[0.65772455041422762,0.27742083365955073,-0.22206004670667936,-0.77447222078475986,-0.57337372546715648,-0.21404739727211278,-0.10313602757186278,0.15849681452473388,0.53318570074475014,0.42722642073500006],"y":[0.24903943595122405,0.61582903040574333,0.46942483205936725,0.33952220662496568,-0.22599511008591905,-0.38433995876496685,-0.5554045563652652,-0.70180875471164128,-0.61054688544932079,-0.22599511008591924]}