{"s":[0.1,0.3,0.6,0.2,0.7,1,0.5,0.4,0.9,0.8],"r":[0.38640075058853751,0.570827758509951,0.79634845970400336,0.43540208042393252,0.74100113792386635,0.89478575450106368,0.45661294850304185,0.39560550522014554,0.85460691555937962,0.86170131174872611],"or":[0.28,0.44,0.67999999999999994,0.36000000000000004,0.76,1,0.60000000000000009,0.52,0.92000000000000015,0.84000000000000008],"d":[0.88281745972079939,1.2940418278437682,1.8060882934283715,2.2272045281479653,2.9569334332333712,-2.6222087099720417,-1.9317227368838541,-1.0973703298751869,-0.48405266147428205,0.15855624947394434],"x":[0.24535562512863138,0.15597017519410936,-0.1856502615251831,-0.26571518320433463,-0.72840328776022423,-0.77678599153730066,-0.16124880175951953,0.180371634959773,0.75642643346159733,0.85089236327805562],"y":[0.29850654477435445,0.54910621407466675,0.77440612708614975,0.34492087940885152,0.13605637355361486,-0.44412280937759818,-0.42719340897509261,-0.35209343797126497,-0.39770847474310156,0.13605637355361458]}