{"s":[0.8,0.5,1,0.1,0.6,0.2,0.4,0.3,0.7,0.9],"r":[0.62708310556243285,0.47066961717991834,0.98219753022429424,0.41802552198140447,0.8684681148061093,0.56688847502012074,0.68251005061168779,0.51470186597540313,0.68623074040411591,0.73285435879429639],"or":[0.84000000000000008,0.60000000000000009,1,0.28,0.67999999999999994,0.36000000000000004,0.52,0.44,0.76,0.92000000000000015],"d":[0.679911901990216,1.5778508531100028,2.0984448819047357,2.9800430831327662,-3.0305099156861623,-2.5703515679877325,-2.1044379443949137,-1.6728620232990556,-0.90599801220382836,-0.13174871217232503],"x":[0.48763745091093941,-0.0033203236598965125,-0.49453950341853126,-0.4125825050628259,-0.86311544552840269,-0.47688393048952343,-0.347173749490941,-0.052442241635760112,0.42333602548424171,0.72650321202222834],"y":[0.39426252389861571,0.47065790547603087,0.84861220114800129,0.067238482611588657,-0.096273538031924816,-0.3065032788592994,-0.58761412240548649,-0.51202326327109238,-0.54009187977860451,-0.096273538031925121]}