{"s":[0.7,0.2,1,0.9,0.3,0.1,0.8,0.4,0.6,0.5],"r":[0.73174644834626457,0.27931413895197188,0.90131249960744941,0.8473934044195427,0.42879349011702372,0.33444337038879435,0.93422193476100079,0.62673771733293238,0.76654582767607571,0.63679826815832108],"or":[0.76,0.36000000000000004,1,0.92000000000000015,0.44,0.28,0.84000000000000008,0.52,0.67999999999999994,0.60000000000000009],"d":[0.49570792782254197,1.0564420423820493,1.8925892319131752,2.5920403436279447,-2.9038007942531383,-2.2197826623117951,-1.8254651088337641,-1.2676151247004621,-0.71541227951928155,-0.15928715671012675],"x":[0.64366773910722608,0.13741495477927906,-0.28505625039120147,-0.72262187633356345,-0.41672745021135682,-0.2021305942608817,-0.23535375566526279,0.18711744950521786,0.57860632884814067,0.62873678508765307],"y":[0.34805848114930965,0.24317384403239206,0.8550480431306402,0.44259824411976917,-0.10100539296037236,-0.26644997815867633,-0.90409027927682284,-0.59815317972769888,-0.50279938558482484,-0.10100539296037257]}