{"s":[0.3,0.5,0.6,0.2,0.1,0.4,1,0.7,0.8,0.9],"r":[0.46051807242338338,0.7119441429038208,0.85255489338715607,0.5505222500703798,0.43289001564570673,0.55567467624622291,0.87380114281277677,0.54795290574618249,0.61370412896642823,0.77356813786944789],"or":[0.44,0.60000000000000009,0.67999999999999994,0.36000000000000004,0.28,0.52,1,0.76,0.84000000000000008,0.92000000000000015],"d":[1.0925027890955312,1.5045578126224393,1.9748122026915267,2.4206550051134448,2.7657663967154202,-2.8933901008480976,-2.086246821159917,-1.3967137094900441,-0.545257969662045,0.20686922575992972],"x":[0.21196029558404381,0.047123645066875636,-0.33515131456650937,-0.41354522777107872,-0.40267631377025348,-0.53864633244210336,-0.43072005447485584,0.094908015021048592,0.524713057261605,0.75707470698251744],"y":[0.40883948943867127,0.7103828719012496,0.78391545627237491,0.36339385301669658,0.15888848911781042,-0.13650814762502517,-0.76026881552125491,-0.53967106240787932,-0.3182906933129242,0.15888848911781017]}