{"s":[0.5,0.2,0.1,0.7,0.6,0.8,0.9,1,0.3,0.4],"r":[0.79887074625464027,0.58721053081970442,0.47495183919400097,0.8113810150015851,0.59223757032886226,0.6076040550649735,0.64749448414943211,0.80570495014591337,0.44838128071652916,0.64335655455276053],"or":[0.60000000000000009,0.36000000000000004,0.28,0.76,0.67999999999999994,0.84000000000000008,0.92000000000000015,1,0.44,0.52],"d":[0.77274254957624211,1.2022453377915638,1.5264946076904407,2.2159715434930947,2.764709328701922,-2.703649586698849,-1.8356322464475474,-1.0483222548601705,-0.069597893035392586,0.34562239325270488],"x":[0.57199048504178729,0.21155087353232743,0.021034300924157659,-0.48791459778840462,-0.55067206459759921,-0.55026195560194546,-0.16948227168401223,0.40206744614049694,0.44729576941470572,0.60531152252798526],"y":[0.5576928852362264,0.54777955001375167,0.47448583512934939,0.64828889915683574,0.21795783303394162,-0.25767124004925723,-0.6249198881366842,-0.69821360302108648,-0.031181205247734156,0.21795783303394142]}