{"s":[0.1,0.5,0.7,0.3,0.4,0.6,0.8,0.9,1,0.2],"r":[0.40180329039906459,0.75969848114552119,0.92536578574909389,0.57527680104549217,0.56043726298791974,0.58831178470056755,0.64127678338942973,0.69939371401659023,0.84554578463237529,0.37664747024555034],"or":[0.28,0.60000000000000009,0.76,0.44,0.52,0.67999999999999994,0.84000000000000008,0.92000000000000015,1,0.36000000000000004],"d":[1.0645022900589185,1.3651519959376985,1.8453625939636686,2.2646782186778651,2.7911743215993887,-2.8059825481436138,-2.013611978675856,-1.2042413959936864,-0.46012832327767272,0.5361194111781229],"x":[0.19485030396293279,0.15512887763992991,-0.25089394061802212,-0.36790462813507069,-0.52637903405869857,-0.55548960550107185,-0.27477763580966658,0.25066365840650667,0.7576052360609361,0.32380283907580337],"y":[0.35139613432857758,0.74369134294879857,0.890704253945269,0.4422551101094595,0.19239292671203426,-0.19375772035671382,-0.57942485601943572,-0.65293131151767114,-0.37547567191847797,0.19239292671203412]}