{"s":[0.6,0.1,0.9,0.4,1,0.3,0.8,0.7,0.2,0.5],"r":[0.80022575121824213,0.36654577468355254,0.963742175512153,0.4931069626020132,0.93454671636159725,0.35056566968495584,0.79482558450202612,0.77366274746261032,0.42874007719913915,0.71087145337209268],"or":[0.67999999999999994,0.28,0.92000000000000015,0.52,1,0.44,0.84000000000000008,0.76,0.36000000000000004,0.60000000000000009],"d":[0.60483258278572549,1.0505391723467383,1.7783170077097548,2.3277421889947103,3.0938465585850765,-2.459642674934746,-1.7904412316166392,-1.1236587446091322,-0.41452988299306587,0.062786772511122982],"x":[0.65826354767815709,0.18221110868874679,-0.19856405140467046,-0.33861876351809184,-0.93348168050443681,-0.27215994277167521,-0.17317904073177612,0.33452117272611348,0.39242826469249081,0.70947072243644782],"y":[0.45502786146670915,0.31804860761962683,0.94306484313151073,0.35845754219999593,0.044604004583177849,-0.22096437340028377,-0.77572980452616958,-0.69760277508718416,-0.17267921376692727,0.044604004583177571]}