{"s":[0.9,0.2,0.5,0.3,1,0.1,0.7,0.6,0.4,0.8],"r":[0.87432248793790268,0.36636818570155433,0.666005762678762,0.54199755104021841,1.1239777043922594,0.3650838531906419,0.80108837198696481,0.65781659684953875,0.44605765387556007,0.76175570830233241],"or":[0.92000000000000015,0.36000000000000004,0.60000000000000009,0.44,1,0.28,0.76,0.67999999999999994,0.52,0.84000000000000008],"d":[0.70915581703885011,1.5302863443962649,2.019898612820449,2.5981856545947708,3.12804671827009,-2.7078829022718982,-2.00886654306392,-1.3932704556264197,-0.73155251171510982,0.019987874470353179],"x":[0.66353371663566174,0.014837509773064417,-0.28915107390108097,-0.46392391271971489,-1.1238745853062164,-0.33128183867790595,-0.33981583784677205,0.11616703766444603,0.3319285315311391,0.7616035469045],"y":[0.56935298348352337,0.366067610965492,0.599962775831277,0.28024266010089277,0.015224863666814895,-0.153422824973053,-0.72544315840817053,-0.6474781034529089,-0.29797798666436848,0.015224863666814558]}