{"s":[0.1,0.4,0.3,0.5,0.6,0.9,1,0.7,0.8,0.2],"r":[0.50957212307432931,0.7527349237676777,0.63231190030968865,0.66861349711035789,0.58448852180636479,0.66021648429095359,0.69686366620341833,0.56550300583758317,0.79539764555190362,0.51126661159374553],"or":[0.28,0.52,0.44,0.60000000000000009,0.67999999999999994,0.92000000000000015,1,0.76,0.84000000000000008,0.36000000000000004],"d":[0.87223138003663891,1.2110369135354633,1.5986324833057677,2.1225632003783241,2.7307538659874453,-2.7007678033916145,-1.8356965886678978,-0.93534470824546645,-0.30244116545089073,0.47414295642405929],"x":[0.32771573588863423,0.26499962137490668,-0.01759886006439422,-0.35048232455712885,-0.535850982600066,-0.597099801082861,-0.1824479742373199,0.33564924173473171,0.75929631980866519,0.45486590503204005],"y":[0.39021294835698417,0.70454600001042356,0.63206694218071835,0.56939103320229234,0.23343212411733966,-0.28170486981292109,-0.67255609875397571,-0.45511892526486009,-0.23691034860159435,0.23343212411733949]}