{"s":[0.2,1,0.8,0.9,0.1,0.5,0.7,0.6,0.3,0.4],"r":[0.35801470995639234,0.89514856333804693,0.69543261513515819,0.79172470026686637,0.24955571544184993,0.63158155714230679,0.85491449035129052,0.8075954527377136,0.55900798594315571,0.58656425816767077],"or":[0.36000000000000004,1,0.84000000000000008,0.92000000000000015,0.28,0.60000000000000009,0.76,0.67999999999999994,0.44,0.52],"d":[0.24368148615655982,1.150798234587588,1.8581005437615266,2.5946422861636167,-2.6271477138633119,-2.2989402315521978,-1.7741157357735873,-1.2335124931784449,-0.74368915070306452,-0.21090510662246117],"x":[0.34743762914825316,0.36500462440684195,-0.19706332954244973,-0.67622359340921223,-0.21725471466731458,-0.42030828776984597,-0.17262559241421982,0.26725367589392146,0.41141645555809464,0.57356707096491566],"y":[0.086380706161738735,0.81735094947506459,0.66692770698432446,0.41176407411209609,-0.12279431609206229,-0.47141935318173067,-0.83730471792307881,-0.76209309667770864,-0.3784526766244859,-0.12279431609206244]}