{"s":[0.6,1,0.5,0.3,0.4,0.1,0.9,0.8,0.7,0.2],"r":[0.61512736804463541,0.98315554552636575,0.64454142185025487,0.51964663274439415,0.6014865664123098,0.34180687593611792,0.91676938989750334,0.782311319847597,0.66426540662688183,0.26663289068560508],"or":[0.67999999999999994,1,0.60000000000000009,0.44,0.52,0.28,0.92000000000000015,0.84000000000000008,0.76,0.36000000000000004],"d":[0.74314046441357851,1.3498466244924896,2.0056224658003341,2.5788082920069444,3.1041364905068294,-2.720947401398309,-1.9849365628281685,-1.3559759653877377,-0.679570849963639,0.08457691445127187],"x":[0.45294740333882538,0.21546476764753075,-0.27151483076217009,-0.4395029949862343,-0.60106468369406785,-0.31201008093979726,-0.36891075044411048,0.16676680780656045,0.5166938603620439,0.26567981256606932],"y":[0.41619746362290078,0.95925479441170447,0.58456252117026652,0.27725392751179795,0.022524111308109353,-0.13957668082151073,-0.83926811714719851,-0.76432966249891088,-0.41746375304371675,0.022524111308109204]}