{"s":[0.5,0.7,0.6,0.1,0.4,0.2,0.9,1,0.3,0.8],"r":[0.58180993778444279,0.81875308418072468,0.79585438142408149,0.41440883912981236,0.62409688554704768,0.40790460903070241,0.86454038068535788,0.87424699447758591,0.29953462686900084,0.7359453752984233],"or":[0.60000000000000009,0.76,0.67999999999999994,0.28,0.52,0.36000000000000004,0.92000000000000015,1,0.44,0.84000000000000008],"d":[0.86169705144209441,1.4105906864601083,1.9712540036532433,2.47812669939317,2.9933841417769975,-2.8494327902993475,-2.030695719974811,-1.3351804607199871,-0.57968259460855165,0.12555386914143674],"x":[0.37884579201765889,0.13060848840549488,-0.31025575252551463,-0.32649716570455573,-0.61725504104477946,-0.39061925277021164,-0.38373312601401643,0.20408586189399625,0.25060161788634705,0.730152352984502],"y":[0.44156389070580715,0.80826854176806884,0.73288850752125589,0.2552141977551613,0.092158216423346179,-0.11748518814613047,-0.77471217741500265,-0.85009221166181548,-0.16407261138379209,0.0921582164233459]}