{"s":[0.8,0.9,0.2,1,0.3,0.7,0.4,0.1,0.5,0.6],"r":[0.73608131520115427,0.79520924832179951,0.27675507201515648,0.98982373678336733,0.5135792858784668,0.88751432631274607,0.66083592213236775,0.39529747165852325,0.65021775860558251,0.64620853318935556],"or":[0.84000000000000008,0.92000000000000015,0.36000000000000004,1,0.44,0.76,0.52,0.28,0.60000000000000009,0.67999999999999994],"d":[0.53386927312081134,1.2720788047777098,2.2134518602753541,2.6472234079004764,-2.8965337424435407,-2.4349768009270667,-1.9035375659400515,-1.4844754228806496,-0.83304689176624525,-0.19403420906307281],"x":[0.63365160339747206,0.23402591962039498,-0.16586577006236602,-0.87131032250166263,-0.49823509502525581,-0.67501094086264524,-0.21585223127271125,0.034080074779014383,0.43735222175845445,0.63408200999407649],"y":[0.37456821554968311,0.759993169418219,0.22154438879766911,0.46964811487095048,-0.12460125588697016,-0.5762307776629898,-0.624589409320338,-0.39382564619724525,-0.48115087834172277,-0.12460125588697038]}