{"s":[0.3,0.7,0.1,0.9,0.8,0.4,1,0.5,0.6,0.2],"r":[0.59950013507701028,0.89027228434702388,0.35478361179426954,0.87751545733591529,0.7147444145448949,0.36456530363792089,0.88826070276461244,0.58390800856780767,0.75561748895752245,0.502169723735358],"or":[0.44,0.76,0.28,0.92000000000000015,0.84000000000000008,0.52,1,0.60000000000000009,0.67999999999999994,0.36000000000000004],"d":[0.61113501720576779,1.1429423532730183,1.4386962622968313,2.3452439745672571,3.0233254084399359,-2.4850147608482529,-1.7710022885672241,-0.99129697551053142,-0.43285607752504768,0.16873870675288535],"x":[0.49098897734976255,0.36939104568677267,0.046730748869430946,-0.61366530004214614,-0.70975162263992764,-0.288766983162173,-0.17664945661949807,0.31975100002256612,0.68592796747774631,0.495037593676815],"y":[0.34399162210494011,0.81002160196065187,0.35169254798458427,0.62725455549373521,0.084333933165211455,-0.22253424467264982,-0.870518262618263,-0.48857738430487335,-0.31695522246891494,0.084333933165211275]}