{"s":[0.5,0.4,1,0.1,0.8,0.6,0.9,0.3,0.2,0.7],"r":[0.67539586116218986,0.56997321638138876,1.0193626867762171,0.2490591681963914,0.79292170322260336,0.63210933919506773,0.90449962698575981,0.45768830761072621,0.41301616105842659,0.84070945077606019],"or":[0.60000000000000009,0.52,1,0.28,0.84000000000000008,0.67999999999999994,0.92000000000000015,0.44,0.36000000000000004,0.76],"d":[0.59260292302924955,1.1578020641745999,1.8192950463212207,2.3030285223686882,3.1198745112132946,-2.4751115788707772,-1.8227356253519793,-1.1099778718796496,-0.50213249608376331,0.020483458196256542],"x":[0.56023391087790519,0.2287608237251314,-0.25071130653488566,-0.1665038612520664,-0.79273470882695429,-0.49683921222023525,-0.22547593125804288,0.20352544844828827,0.3620327002970038,0.8405330878446764],"y":[0.37722345417201114,0.522051676484948,0.9880506707488228,0.18522130938644993,0.017219432699083881,-0.39078512497023377,-0.87594530630667622,-0.40994631204280141,-0.19878298018467272,0.017219432699083586]}