{"s":[0.7,0.8,0.2,1,0.3,0.4,0.1,0.5,0.9,0.6],"r":[0.62281467213208841,0.75238229246909771,0.3715720812160741,1.0793472622048423,0.57380132090208813,0.66226948237015992,0.39242054541754606,0.6354117567376385,0.86290803555884366,0.55614518769699817],"or":[0.76,0.84000000000000008,0.36000000000000004,1,0.44,0.52,0.28,0.60000000000000009,0.92000000000000015,0.67999999999999994],"d":[0.67174800925275946,1.3956216341016416,2.2759609636912961,2.6292531525689018,-3.0359914765218519,-2.5541147981211223,-2.1537984741979441,-1.4813923783625467,-0.77357328548636639,-0.10896685875828509],"x":[0.48749882973881586,0.1311253059118466,-0.24083786666165108,-0.94075910519015116,-0.57060488913352048,-0.55123421384588756,-0.21604032182341795,0.056732671397146883,0.61734046018690381,0.55284668166918161],"y":[0.38761192812694217,0.74086791546845887,0.28295394240248634,0.52911512776607972,-0.060481537396993086,-0.3670718032817909,-0.32759802168547714,-0.6328740037294589,-0.60291046934702031,-0.060481537396993308]}