{"s":[0.5,0.2,0.8,0.3,0.4,0.6,0.7,0.1,1,0.9],"r":[0.54164612184180594,0.39310719613441075,0.93580459911934255,0.57428833984479233,0.651062130987127,0.76590748243928486,0.76901847787063327,0.2226961331322341,0.87539851873205965,0.80014858398166255],"or":[0.60000000000000009,0.36000000000000004,0.84000000000000008,0.44,0.52,0.67999999999999994,0.76,0.28,1,0.92000000000000015],"d":[0.83959333733153274,1.6077652054676446,1.9976007336445423,2.5742404969848227,3.0669142775896407,-2.6621266627840745,-2.0616986009554532,-1.7485948350780531,-0.66830022541718714,0.06074493025510673],"x":[0.36169264168986553,-0.014529422156155186,-0.38738940959281648,-0.48431279577696756,-0.6492475334088802,-0.67954481980777526,-0.36253207709703927,-0.039386754651932684,0.6870793484078781,0.79867278511282436],"y":[0.40318600453596481,0.39283859732015425,0.85185661532222812,0.30862309234466723,0.048575083818598951,-0.35331729299441567,-0.67820344468468463,-0.21918542668261087,-0.54244311737701112,0.048575083818598659]}