{"s":[0.9,0.7,0.4,0.5,1,0.6,0.3,0.2,0.8,0.1],"r":[0.94897880150517566,0.71771099932529747,0.42266478182933842,0.49243518734406039,0.93395862689805487,0.68173891131720443,0.51005587567072364,0.47040826928945623,0.96097377663546613,0.37088978465185363],"or":[0.92000000000000015,0.76,0.52,0.60000000000000009,1,0.67999999999999994,0.44,0.36000000000000004,0.84000000000000008,0.28],"d":[0.50722112686038234,1.115526876451487,1.7695086006380121,2.558296770540649,-3.0509421157129082,-2.3443158163509388,-1.6857394983348621,-1.1529517997756691,-0.6513838966881158,-0.22998175257988832],"x":[0.82950020559931947,0.315580637387826,-0.083437032680514361,-0.41101195844214489,-0.9301238421564485,-0.47630207233906408,-0.058498428301243216,0.19088761549146954,0.76421009170240006,0.36112446240828416],"y":[0.46096656561716748,0.64460681027926681,0.4143474138646373,0.27122238799946519,-0.084547945033726812,-0.48775432247134437,-0.50669017179388132,-0.42993703965567148,-0.582626411280196,-0.084547945033727]}