{"s":[0.7,0.4,0.8,0.2,0.6,1,0.9,0.3,0.1,0.5],"r":[0.882422707281827,0.61981472906433843,0.86591801366587806,0.3252066822122911,0.556050288973077,0.84776248635654061,0.807127907974714,0.423712160681231,0.351706478627608,0.70990986692997393],"or":[0.76,0.52,0.84000000000000008,0.36000000000000004,0.67999999999999994,1,0.92000000000000015,0.44,0.28,0.60000000000000009],"d":[0.61429402782798426,1.1116813289652716,1.7313473353770723,2.1192758833613232,3.0162617181451341,-2.4986761973196905,-1.7738009450163152,-0.93861547907362142,-0.26544814141444045,0.0980681365293483],"x":[0.72109868208404893,0.27467394965308056,-0.13842751807883463,-0.16955964535975754,-0.55168882713124079,-0.67850726104193271,-0.16272760441600637,0.250373863315909,0.33938797032241752,0.706498872807972],"y":[0.50861235240921621,0.55562984058370746,0.85478174327110756,0.27750479783419846,0.06950799871668259,-0.50826088772086164,-0.79055372150959236,-0.34182586747849242,-0.092267289485829962,0.069507998716682368]}