{"s":[0.9,0.2,0.1,0.6,1,0.8,0.3,0.7,0.4,0.5],"r":[1.0154297444282598,0.43791932807561412,0.30984256545172856,0.62441636167955,0.886687420085765,0.71950082130870252,0.36689319514089147,0.74324030378248329,0.57393774052424762,0.69290900943714007],"or":[0.92000000000000015,0.36000000000000004,0.28,0.67999999999999994,1,0.84000000000000008,0.44,0.76,0.52,0.60000000000000009],"d":[0.60791292581235457,1.0715546248519923,1.5231357589415675,2.35750483445121,3.0884879456828718,-2.484473759930784,-1.6634967228325939,-1.1085300639872926,-0.45872177057231472,0.067976332953402149],"x":[0.83350722866521731,0.20965822758982475,0.014761682533043455,-0.44210721945622949,-0.8854374358539816,-0.56966866426837437,-0.033962453731151934,0.3314685682503129,0.51460361663485543,0.69130873510500557],"y":[0.57996833157722527,0.38446945978333652,0.30949072376163772,0.44095010969247739,0.047065147685691817,-0.43949862891092584,-0.36531790043365192,-0.6652328445204474,-0.25414099973126214,0.047065147685691554]}