{"s":[0.2,1,0.4,0.5,0.3,0.8,0.7,0.1,0.6,0.9],"r":[0.34537880960657108,1.0089113481458059,0.53378355407224154,0.62900794753913558,0.473074387392619,0.880156681222923,0.78876154127948028,0.28470012205904749,0.67854302450072712,0.91569989658860462],"or":[0.36000000000000004,1,0.52,0.60000000000000009,0.44,0.84000000000000008,0.76,0.28,0.67999999999999994,0.92000000000000015],"d":[0.65620275047888366,1.2773868684325886,1.9303852809556763,2.5423557591044972,-3.1302779875264926,-2.524214859873124,-1.9114980521361171,-1.3418869992285312,-0.65527661123530256,-0.0058453593898008709],"x":[0.27364870380692091,0.29179496852219922,-0.18783283170358459,-0.51941353805020329,-0.47304410582956868,-0.71767909851448453,-0.26356353700239277,0.064602852625775253,0.53800278442596217,0.91568425271245968],"y":[0.21071997776680826,0.9657938728126807,0.49964358289905669,0.35476833928292684,-0.0053525645073694466,-0.50952182981378424,-0.74342385687060764,-0.27727356695698363,-0.41348958880303865,-0.0053525645073697311]}